LastUpdated,Occupancy
2016-10-04 07:59:42,61.0
2016-10-04 08:25:42,64.0
2016-10-04 08:59:42,80.0
2016-10-04 09:32:46,107.0
2016-10-04 09:59:48,150.0
2016-10-04 10:26:49,177.0
2016-10-04 10:59:48,219.0
2016-10-04 11:25:47,247.0
2016-10-04 11:59:44,259.0
2016-10-04 12:29:45,266.0
2016-10-04 13:02:48,269.0
2016-10-04 13:29:45,263.0
2016-10-04 14:02:47,238.0
2016-10-04 14:29:49,215.0
2016-10-04 14:57:13,192.0
2016-10-04 15:30:14,165.0
2016-10-04 16:04:12,162.0
2016-10-04 16:31:14,143.0
2016-10-05 07:57:17,54.0
2016-10-05 08:30:15,59.0
2016-10-05 09:04:19,71.0
2016-10-05 09:30:15,83.0
2016-10-05 10:04:15,114.0
2016-10-05 10:30:17,128.0
2016-10-05 11:04:19,148.0
2016-10-05 11:30:18,162.0
2016-10-05 12:04:14,178.0
2016-10-05 12:30:16,183.0
2016-10-05 12:57:15,175.0
2016-10-05 13:30:19,179.0
2016-10-05 13:57:20,174.0
2016-10-05 14:30:17,158.0
2016-10-05 14:57:19,145.0
2016-10-05 15:30:15,129.0
2016-10-05 16:04:18,121.0
2016-10-05 16:30:17,114.0
2016-10-06 07:57:25,58.0
2016-10-06 08:30:20,63.0
2016-10-06 08:57:22,70.0
2016-10-06 09:30:20,95.0
2016-10-06 10:03:20,135.0
2016-10-06 10:30:20,160.0
2016-10-06 10:57:20,177.0
2016-10-06 11:30:22,191.0
2016-10-06 12:04:24,199.0
2016-10-06 12:30:24,206.0
2016-10-06 12:57:21,198.0
2016-10-06 13:30:21,208.0
2016-10-06 13:57:22,200.0
2016-10-06 14:30:23,175.0
2016-10-06 15:04:22,158.0
2016-10-06 15:31:22,153.0
2016-10-06 16:04:23,135.0
2016-10-06 16:30:27,129.0
2016-10-07 08:03:27,58.0
2016-10-07 08:30:27,61.0
2016-10-07 09:04:13,75.0
2016-10-07 09:30:27,103.0
2016-10-07 09:57:27,128.0
2016-10-07 10:30:27,172.0
2016-10-07 10:57:30,188.0
2016-10-07 11:30:28,199.0
2016-10-07 12:03:29,210.0
2016-10-07 12:30:28,206.0
2016-10-07 13:04:28,200.0
2016-10-07 13:30:29,201.0
2016-10-07 14:03:28,193.0
2016-10-07 14:30:32,181.0
2016-10-07 15:04:30,172.0
2016-10-07 15:30:32,159.0
2016-10-07 15:57:31,158.0
2016-10-07 16:30:29,132.0
2016-10-08 07:57:38,58.0
2016-10-08 08:30:37,61.0
2016-10-08 08:57:34,75.0
2016-10-08 09:30:37,104.0
2016-10-08 10:04:34,158.0
2016-10-08 10:30:34,191.0
2016-10-08 10:57:34,223.0
2016-10-08 11:30:38,254.0
2016-10-08 12:04:34,306.0
2016-10-08 12:30:36,320.0
2016-10-08 13:04:39,348.0
2016-10-08 13:30:36,357.0
2016-10-08 14:03:38,395.0
2016-10-08 14:30:35,400.0
2016-10-08 14:57:41,395.0
2016-10-08 15:30:39,406.0
2016-10-08 16:04:39,381.0
2016-10-08 16:30:42,365.0
2016-10-09 08:04:40,42.0
2016-10-09 08:30:45,42.0
2016-10-09 09:04:46,43.0
2016-10-09 09:30:45,43.0
2016-10-09 09:57:41,50.0
2016-10-09 10:30:43,64.0
2016-10-09 11:04:44,100.0
2016-10-09 11:30:41,126.0
2016-10-09 11:57:46,148.0
2016-10-09 12:30:41,170.0
2016-10-09 13:04:43,189.0
2016-10-09 13:30:42,205.0
2016-10-09 14:03:42,208.0
2016-10-09 14:30:42,209.0
2016-10-09 15:04:44,191.0
2016-10-09 15:30:46,180.0
2016-10-09 16:03:43,155.0
2016-10-09 16:30:43,133.0
2016-10-10 08:04:47,54.0
2016-10-10 08:30:47,56.0
2016-10-10 09:04:47,65.0
2016-10-10 09:30:49,73.0
2016-10-10 10:03:48,92.0
2016-10-10 10:30:48,113.0
2016-10-10 10:57:52,144.0
2016-10-10 11:30:48,149.0
2016-10-10 11:57:49,159.0
2016-10-10 12:30:48,171.0
2016-10-10 13:04:49,176.0
2016-10-10 13:30:49,172.0
2016-10-10 14:03:49,161.0
2016-10-10 14:30:49,154.0
2016-10-10 14:57:54,137.0
2016-10-10 15:30:49,129.0
2016-10-10 15:57:55,130.0
2016-10-10 16:30:49,114.0
2016-10-11 08:04:57,56.0
2016-10-11 08:30:54,64.0
2016-10-11 08:57:56,74.0
2016-10-11 09:30:55,93.0
2016-10-11 09:57:59,129.0
2016-10-11 10:30:54,167.0
2016-10-11 10:57:55,200.0
2016-10-11 11:30:59,219.0
2016-10-11 12:03:55,225.0
2016-10-11 12:30:56,221.0
2016-10-11 13:04:00,217.0
2016-10-11 13:31:01,217.0
2016-10-11 14:04:00,208.0
2016-10-11 14:30:56,191.0
2016-10-11 15:03:58,167.0
2016-10-11 15:33:56,159.0
2016-10-11 16:01:00,150.0
2016-10-11 16:26:56,127.0
2016-10-12 08:04:00,51.0
2016-10-12 08:31:01,57.0
2016-10-12 09:03:59,64.0
2016-10-12 09:26:58,73.0
2016-10-12 10:01:04,99.0
2016-10-12 10:31:04,112.0
2016-10-12 11:04:01,127.0
2016-10-12 11:31:05,128.0
2016-10-12 12:04:04,143.0
2016-10-12 12:31:05,158.0
2016-10-12 13:04:04,157.0
2016-10-12 13:34:03,164.0
2016-10-12 14:03:59,167.0
2016-10-12 14:34:04,159.0
2016-10-12 15:01:03,140.0
2016-10-12 15:30:59,128.0
2016-10-12 15:57:05,121.0
2016-10-12 16:31:05,111.0
2016-10-13 07:57:02,58.0
2016-10-13 08:31:06,65.0
2016-10-13 09:04:02,76.0
2016-10-13 09:31:01,97.0
2016-10-13 09:57:08,127.0
2016-10-13 10:31:03,166.0
2016-10-13 11:04:08,200.0
2016-10-13 11:31:06,220.0
2016-10-13 11:57:06,230.0
2016-10-13 12:31:08,231.0
2016-10-13 13:04:04,214.0
2016-10-13 13:31:08,203.0
2016-10-13 13:57:07,205.0
2016-10-13 14:31:06,181.0
2016-10-13 15:04:08,162.0
2016-10-13 15:31:08,144.0
2016-10-13 16:04:08,132.0
2016-10-13 16:31:08,130.0
2016-10-14 08:01:05,53.0
2016-10-14 08:27:10,57.0
2016-10-14 09:01:08,67.0
2016-10-14 09:27:10,100.0
2016-10-14 10:01:11,134.0
2016-10-14 10:27:09,157.0
2016-10-14 11:01:07,205.0
2016-10-14 11:27:06,220.0
2016-10-14 12:01:11,224.0
2016-10-14 12:27:06,213.0
2016-10-14 13:01:11,205.0
2016-10-14 13:27:07,201.0
2016-10-14 14:01:11,182.0
2016-10-14 14:34:08,174.0
2016-10-14 15:01:12,171.0
2016-10-14 15:27:08,161.0
2016-10-14 16:01:11,138.0
2016-10-14 16:34:08,134.0
2016-10-15 08:01:11,53.0
2016-10-15 08:34:10,63.0
2016-10-15 09:01:09,77.0
2016-10-15 09:27:11,101.0
2016-10-15 10:01:12,154.0
2016-10-15 10:27:15,171.0
2016-10-15 11:01:14,211.0
2016-10-15 11:27:14,239.0
2016-10-15 12:01:12,276.0
2016-10-15 12:27:10,297.0
2016-10-15 13:01:14,332.0
2016-10-15 13:34:13,352.0
2016-10-15 14:01:13,391.0
2016-10-15 14:27:12,409.0
2016-10-15 15:01:13,442.0
2016-10-15 15:27:12,428.0
2016-10-15 16:01:15,412.0
2016-10-15 16:27:16,393.0
2016-10-16 08:04:13,48.0
2016-10-16 08:27:13,48.0
2016-10-16 09:01:15,55.0
2016-10-16 09:27:13,57.0
2016-10-16 10:04:13,57.0
2016-10-16 10:34:13,56.0
2016-10-16 11:01:13,56.0
2016-10-16 11:27:17,56.0
2016-10-16 12:01:16,65.0
2016-10-16 12:27:14,105.0
2016-10-16 13:01:16,131.0
2016-10-16 13:27:17,146.0
2016-10-16 14:01:18,170.0
2016-10-16 14:27:13,180.0
2016-10-16 15:01:18,192.0
2016-10-16 15:31:18,185.0
2016-10-16 15:57:16,173.0
2016-10-16 16:31:17,154.0
2016-10-17 08:01:16,50.0
2016-10-17 08:27:16,54.0
2016-10-17 09:01:17,66.0
2016-10-17 09:27:20,76.0
2016-10-17 10:04:20,112.0
2016-10-17 10:31:16,119.0
2016-10-17 11:04:20,144.0
2016-10-17 11:31:18,153.0
2016-10-17 12:04:19,159.0
2016-10-17 12:31:21,154.0
2016-10-17 12:57:17,154.0
2016-10-17 13:31:21,157.0
2016-10-17 14:04:21,161.0
2016-10-17 14:31:21,147.0
2016-10-17 14:57:18,133.0
2016-10-17 15:31:21,121.0
2016-10-17 15:57:17,115.0
2016-10-17 16:28:21,110.0
2016-10-18 08:01:23,57.0
2016-10-18 08:28:25,60.0
2016-10-18 09:01:23,72.0
2016-10-18 09:28:22,91.0
2016-10-18 10:01:25,145.0
2016-10-18 10:28:58,178.0
2016-10-18 11:01:57,220.0
2016-10-18 11:27:56,228.0
2016-10-18 12:01:59,231.0
2016-10-18 12:27:57,224.0
2016-10-18 13:01:56,237.0
2016-10-18 13:28:57,227.0
2016-10-18 13:54:59,226.0
2016-10-18 14:27:56,200.0
2016-10-18 15:01:58,165.0
2016-10-18 15:27:59,157.0
2016-10-18 15:55:00,149.0
2016-10-18 16:27:54,124.0
2016-10-19 08:05:03,49.0
2016-10-19 08:25:01,51.0
2016-10-19 08:58:05,59.0
2016-10-19 09:32:04,76.0
2016-10-19 09:58:04,105.0
2016-10-19 10:25:04,135.0
2016-10-19 10:59:00,156.0
2016-10-19 11:25:04,177.0
2016-10-19 11:59:05,181.0
2016-10-19 12:25:00,171.0
2016-10-19 12:58:01,165.0
2016-10-19 13:25:03,167.0
2016-10-19 13:58:02,161.0
2016-10-19 14:32:03,156.0
2016-10-19 14:58:03,144.0
2016-10-19 15:32:05,127.0
2016-10-19 15:59:01,117.0
2016-10-19 16:25:03,110.0
2016-10-22 07:59:45,57.0
2016-10-22 08:26:46,59.0
2016-10-22 08:59:44,72.0
2016-10-22 09:26:47,93.0
2016-10-22 09:59:44,130.0
2016-10-22 10:26:47,156.0
2016-10-22 10:59:47,198.0
2016-10-22 11:32:43,239.0
2016-10-22 11:59:46,261.0
2016-10-22 12:32:47,324.0
2016-10-22 12:59:47,359.0
2016-10-22 13:32:43,380.0
2016-10-22 13:59:48,408.0
2016-10-22 14:39:47,430.0
2016-10-22 14:59:48,424.0
2016-10-22 15:26:49,403.0
2016-10-22 15:59:47,384.0
2016-10-22 16:26:47,340.0
2016-10-23 07:59:48,47.0
2016-10-23 08:26:51,48.0
2016-10-23 08:59:50,51.0
2016-10-23 09:26:51,50.0
2016-10-23 09:59:52,54.0
2016-10-23 10:26:53,60.0
2016-10-23 10:59:53,80.0
2016-10-23 11:26:49,107.0
2016-10-23 11:59:50,125.0
2016-10-23 12:26:51,144.0
2016-10-23 13:06:52,175.0
2016-10-23 13:26:55,192.0
2016-10-23 13:59:53,215.0
2016-10-23 14:26:51,226.0
2016-10-23 14:59:53,219.0
2016-10-23 15:26:56,215.0
2016-10-23 15:59:54,179.0
2016-10-23 16:26:57,150.0
2016-10-24 07:56:56,47.0
2016-10-24 08:29:56,55.0
2016-10-24 09:03:01,62.0
2016-10-24 09:30:01,73.0
2016-10-24 09:55:57,87.0
2016-10-24 10:30:02,114.0
2016-10-24 11:03:03,137.0
2016-10-24 11:29:57,155.0
2016-10-24 12:02:57,173.0
2016-10-24 12:30:03,191.0
2016-10-24 12:56:58,198.0
2016-10-24 13:30:03,208.0
2016-10-24 13:56:01,219.0
2016-10-24 14:30:02,215.0
2016-10-24 14:56:02,209.0
2016-10-24 15:32:59,209.0
2016-10-24 16:00:04,192.0
2016-10-24 16:33:03,175.0
2016-10-25 08:00:03,54.0
2016-10-25 08:26:08,55.0
2016-10-25 09:00:03,82.0
2016-10-25 09:19:19,95.0
2016-10-25 09:56:19,129.0
2016-10-25 10:29:19,173.0
2016-10-25 10:56:23,202.0
2016-10-25 11:29:22,249.0
2016-10-25 12:02:23,290.0
2016-10-25 12:29:21,303.0
2016-10-25 13:03:20,331.0
2016-10-25 13:29:24,345.0
2016-10-25 13:56:21,363.0
2016-10-25 14:29:23,365.0
2016-10-25 15:02:24,340.0
2016-10-25 15:29:22,302.0
2016-10-25 15:56:25,273.0
2016-10-25 16:29:22,226.0
2016-10-26 07:59:26,56.0
2016-10-26 08:32:27,63.0
2016-10-26 08:59:29,70.0
2016-10-26 09:26:27,87.0
2016-10-26 09:59:25,108.0
2016-10-26 10:26:30,125.0
2016-10-26 10:59:30,159.0
2016-10-26 11:26:28,182.0
2016-10-26 11:59:29,198.0
2016-10-26 12:26:27,205.0
2016-10-26 12:59:31,231.0
2016-10-26 13:26:32,244.0
2016-10-26 13:59:26,260.0
2016-10-26 14:26:26,267.0
2016-10-26 14:59:30,252.0
2016-10-26 15:26:30,238.0
2016-10-26 15:59:32,212.0
2016-10-26 16:32:30,180.0
2016-10-27 07:59:33,54.0
2016-10-27 08:32:33,60.0
2016-10-27 08:59:33,69.0
2016-10-27 09:32:35,90.0
2016-10-27 09:59:37,102.0
2016-10-27 10:25:37,117.0
2016-10-27 10:59:38,160.0
2016-10-27 11:32:32,189.0
2016-10-27 11:59:38,207.0
2016-10-27 12:26:35,222.0
2016-10-27 12:59:36,247.0
2016-10-27 13:32:35,271.0
2016-10-27 13:59:37,279.0
2016-10-27 14:26:38,280.0
2016-10-27 14:59:37,266.0
2016-10-27 15:26:33,263.0
2016-10-27 15:59:38,241.0
2016-10-27 16:26:39,225.0
2016-10-28 08:16:41,57.0
2016-10-28 08:56:40,69.0
2016-10-28 09:29:43,99.0
2016-10-28 10:02:44,135.0
2016-10-28 10:29:41,171.0
2016-10-28 10:56:43,196.0
2016-10-28 11:29:44,230.0
2016-10-28 12:02:44,262.0
2016-10-28 12:29:45,269.0
2016-10-28 13:02:43,266.0
2016-10-28 13:29:45,275.0
2016-10-28 14:02:39,296.0
2016-10-28 14:29:45,290.0
2016-10-28 15:02:43,282.0
2016-10-28 15:29:41,269.0
2016-10-28 16:02:40,256.0
2016-10-28 16:29:42,220.0
2016-10-29 07:59:48,51.0
2016-10-29 08:26:46,56.0
2016-10-29 08:59:48,66.0
2016-10-29 09:26:50,91.0
2016-10-29 09:59:51,124.0
2016-10-29 10:26:49,164.0
2016-10-29 10:59:46,213.0
2016-10-29 11:25:51,267.0
2016-10-29 12:06:51,314.0
2016-10-29 12:26:46,339.0
2016-10-29 12:59:51,338.0
2016-10-29 13:26:47,368.0
2016-10-29 13:59:51,366.0
2016-10-29 14:26:50,374.0
2016-10-29 14:59:51,414.0
2016-10-29 15:26:52,417.0
2016-10-29 15:59:51,417.0
2016-10-29 16:26:53,369.0
2016-10-30 07:59:55,43.0
2016-10-30 08:25:53,44.0
2016-10-30 08:59:52,45.0
2016-10-30 09:25:57,44.0
2016-10-30 09:59:52,47.0
2016-10-30 10:25:54,61.0
2016-10-30 10:59:56,84.0
2016-10-30 11:25:55,107.0
2016-10-30 11:59:58,122.0
2016-10-30 12:26:54,142.0
2016-10-30 13:06:59,169.0
2016-10-30 13:25:59,177.0
2016-10-30 13:59:59,182.0
2016-10-30 14:32:54,183.0
2016-10-30 15:00:00,157.0
2016-10-30 15:32:59,147.0
2016-10-31 08:00:03,49.0
2016-10-31 08:26:02,58.0
2016-10-31 09:00:00,67.0
2016-10-31 09:26:03,92.0
2016-10-31 10:00:05,111.0
2016-10-31 10:26:02,129.0
2016-10-31 11:00:02,166.0
2016-10-31 11:26:04,178.0
2016-10-31 12:00:04,198.0
2016-10-31 12:26:06,199.0
2016-10-31 13:00:06,198.0
2016-10-31 13:26:01,201.0
2016-10-31 13:59:47,189.0
2016-10-31 14:26:05,185.0
2016-10-31 15:00:03,160.0
2016-10-31 15:27:04,141.0
2016-10-31 16:00:07,130.0
2016-10-31 16:26:06,121.0
2016-11-01 08:06:07,50.0
2016-11-01 08:26:07,54.0
2016-11-01 09:00:08,69.0
2016-11-01 09:26:12,91.0
2016-11-01 10:00:08,135.0
2016-11-01 10:26:11,163.0
2016-11-01 11:00:09,185.0
2016-11-01 11:26:11,207.0
2016-11-01 12:00:08,239.0
2016-11-01 12:26:12,244.0
2016-11-01 13:00:12,243.0
2016-11-01 13:26:12,241.0
2016-11-01 14:00:09,229.0
2016-11-01 14:26:10,199.0
2016-11-01 15:00:12,180.0
2016-11-01 15:27:09,167.0
2016-11-01 16:00:09,153.0
2016-11-01 16:33:14,133.0
2016-11-02 07:56:18,50.0
2016-11-02 08:30:14,52.0
2016-11-02 08:56:14,57.0
2016-11-02 09:30:15,81.0
2016-11-02 09:56:15,97.0
2016-11-02 10:29:19,125.0
2016-11-02 10:56:16,144.0
2016-11-02 11:30:19,167.0
2016-11-02 11:56:19,169.0
2016-11-02 12:30:20,184.0
2016-11-02 13:03:20,192.0
2016-11-02 13:30:18,188.0
2016-11-02 14:03:20,188.0
2016-11-02 14:30:16,171.0
2016-11-02 14:56:19,153.0
2016-11-02 15:29:19,130.0
2016-11-02 16:03:20,125.0
2016-11-02 16:30:18,115.0
2016-11-03 08:00:22,51.0
2016-11-03 08:26:26,56.0
2016-11-03 09:00:22,60.0
2016-11-03 09:26:22,80.0
2016-11-03 10:00:22,119.0
2016-11-03 10:26:25,138.0
2016-11-03 11:00:24,185.0
2016-11-03 11:26:27,195.0
2016-11-03 12:00:26,195.0
2016-11-03 12:26:27,191.0
2016-11-03 12:59:26,196.0
2016-11-03 13:26:26,191.0
2016-11-03 13:59:26,187.0
2016-11-03 14:26:23,177.0
2016-11-03 15:00:23,154.0
2016-11-03 15:26:24,142.0
2016-11-03 16:03:28,120.0
2016-11-03 16:30:27,108.0
2016-11-04 08:00:29,48.0
2016-11-04 08:26:32,56.0
2016-11-04 08:59:32,71.0
2016-11-04 09:33:32,97.0
2016-11-04 10:00:29,115.0
2016-11-04 10:26:31,135.0
2016-11-04 11:00:33,154.0
2016-11-04 11:33:31,179.0
2016-11-04 12:00:31,183.0
2016-11-04 12:33:34,182.0
2016-11-04 13:00:30,171.0
2016-11-04 13:26:33,173.0
2016-11-04 13:59:31,179.0
2016-11-04 14:26:30,167.0
2016-11-04 15:00:30,156.0
2016-11-04 15:26:30,145.0
2016-11-04 16:00:33,136.0
2016-11-04 16:26:30,119.0
2016-11-05 08:00:35,43.0
2016-11-05 08:26:35,48.0
2016-11-05 08:59:37,59.0
2016-11-05 09:26:38,90.0
2016-11-05 09:59:37,135.0
2016-11-05 10:33:38,181.0
2016-11-05 10:59:39,224.0
2016-11-05 11:26:38,243.0
2016-11-05 12:06:39,278.0
2016-11-05 12:26:41,288.0
2016-11-05 13:00:37,331.0
2016-11-05 13:33:39,351.0
2016-11-05 13:59:41,361.0
2016-11-05 14:26:39,346.0
2016-11-05 15:00:40,369.0
2016-11-05 15:26:40,390.0
2016-11-05 16:00:41,368.0
2016-11-05 16:26:40,340.0
2016-11-06 08:00:42,35.0
2016-11-06 08:26:43,35.0
2016-11-06 09:00:42,36.0
2016-11-06 09:33:44,39.0
2016-11-06 10:00:43,46.0
2016-11-06 10:26:46,53.0
2016-11-06 10:59:45,77.0
2016-11-06 11:26:44,96.0
2016-11-06 11:59:43,124.0
2016-11-06 12:26:47,153.0
2016-11-06 13:06:45,178.0
2016-11-06 13:26:43,188.0
2016-11-06 13:59:46,216.0
2016-11-06 14:33:47,225.0
2016-11-06 15:00:47,211.0
2016-11-06 15:26:45,188.0
2016-11-06 15:59:48,163.0
2016-11-06 16:26:45,130.0
2016-11-07 08:00:52,30.0
2016-11-07 08:26:53,38.0
2016-11-07 08:59:50,49.0
2016-11-07 09:26:49,61.0
2016-11-07 09:59:50,87.0
2016-11-07 10:26:49,110.0
2016-11-07 10:59:51,142.0
2016-11-07 11:26:51,157.0
2016-11-07 11:59:51,157.0
2016-11-07 12:26:50,160.0
2016-11-07 12:59:53,154.0
2016-11-07 13:33:52,161.0
2016-11-07 13:59:54,162.0
2016-11-07 14:33:55,156.0
2016-11-07 15:00:51,148.0
2016-11-07 15:33:53,124.0
2016-11-07 16:00:51,119.0
2016-11-07 16:33:53,118.0
2016-11-08 07:59:58,34.0
2016-11-08 08:26:55,36.0
2016-11-08 08:59:56,46.0
2016-11-08 09:26:56,68.0
2016-11-08 09:59:56,112.0
2016-11-08 10:33:59,150.0
2016-11-08 11:00:00,178.0
2016-11-08 11:33:56,196.0
2016-11-08 11:59:58,236.0
2016-11-08 12:27:01,250.0
2016-11-08 13:00:00,253.0
2016-11-08 13:34:01,237.0
2016-11-08 14:00:59,223.0
2016-11-08 14:26:58,196.0
2016-11-08 15:00:02,163.0
2016-11-08 15:33:57,144.0
2016-11-08 16:01:02,127.0
2016-11-08 16:34:02,106.0
2016-11-09 08:00:02,32.0
2016-11-09 08:27:02,37.0
2016-11-09 09:00:07,43.0
2016-11-09 09:34:05,61.0
2016-11-09 10:00:05,88.0
2016-11-09 10:27:03,107.0
2016-11-09 11:00:04,130.0
2016-11-09 11:27:04,151.0
2016-11-09 12:00:06,152.0
2016-11-09 12:27:05,160.0
2016-11-09 13:00:08,172.0
2016-11-09 13:27:04,172.0
2016-11-09 14:00:04,163.0
2016-11-09 14:27:08,152.0
2016-11-09 15:00:06,134.0
2016-11-09 15:34:05,124.0
2016-11-09 16:00:09,108.0
2016-11-09 16:34:06,94.0
2016-11-10 08:00:12,36.0
2016-11-10 08:34:11,41.0
2016-11-10 09:00:09,49.0
2016-11-10 09:27:11,65.0
2016-11-10 10:00:12,93.0
2016-11-10 10:27:10,126.0
2016-11-10 11:00:12,160.0
2016-11-10 11:27:14,186.0
2016-11-10 12:00:10,201.0
2016-11-10 12:27:14,208.0
2016-11-10 13:00:13,208.0
2016-11-10 13:34:14,200.0
2016-11-10 14:00:15,201.0
2016-11-10 14:27:13,190.0
2016-11-10 15:00:13,162.0
2016-11-10 15:27:15,153.0
2016-11-10 16:00:15,147.0
2016-11-10 16:27:13,136.0
2016-11-11 08:00:17,39.0
2016-11-11 08:27:19,42.0
2016-11-11 09:00:19,63.0
2016-11-11 09:27:16,82.0
2016-11-11 10:00:16,122.0
2016-11-11 10:27:18,147.0
2016-11-11 11:00:18,169.0
2016-11-11 11:27:18,191.0
2016-11-11 12:00:21,188.0
2016-11-11 12:27:21,178.0
2016-11-11 13:00:19,164.0
2016-11-11 13:34:21,166.0
2016-11-11 14:00:21,170.0
2016-11-11 14:27:18,161.0
2016-11-11 15:00:21,162.0
2016-11-11 15:34:20,142.0
2016-11-11 16:00:21,138.0
2016-11-11 16:34:18,124.0
2016-11-12 08:00:26,33.0
2016-11-12 08:27:25,37.0
2016-11-12 09:00:26,50.0
2016-11-12 09:27:26,73.0
2016-11-12 10:00:25,124.0
2016-11-12 10:27:27,159.0
2016-11-12 11:00:27,212.0
2016-11-12 11:34:23,251.0
2016-11-12 12:00:27,291.0
2016-11-12 12:27:23,306.0
2016-11-12 13:00:28,321.0
2016-11-12 13:27:27,341.0
2016-11-12 14:00:26,383.0
2016-11-12 14:27:28,416.0
2016-11-12 15:00:28,449.0
2016-11-12 15:27:27,442.0
2016-11-12 16:00:24,418.0
2016-11-12 16:34:28,356.0
2016-11-13 08:00:29,23.0
2016-11-13 08:27:31,24.0
2016-11-13 09:00:32,27.0
2016-11-13 09:34:15,28.0
2016-11-13 10:00:31,32.0
2016-11-13 10:33:32,46.0
2016-11-13 11:00:32,69.0
2016-11-13 11:27:32,95.0
2016-11-13 12:00:34,128.0
2016-11-13 12:27:31,154.0
2016-11-13 13:07:31,191.0
2016-11-13 13:33:34,204.0
2016-11-13 14:00:35,220.0
2016-11-13 14:27:35,233.0
2016-11-13 15:00:35,220.0
2016-11-13 15:27:35,205.0
2016-11-13 16:00:32,170.0
2016-11-13 16:27:34,133.0
2016-11-14 08:00:37,31.0
2016-11-14 08:33:40,36.0
2016-11-14 09:00:38,42.0
2016-11-14 09:27:40,61.0
2016-11-14 10:00:37,85.0
2016-11-14 10:27:38,99.0
2016-11-14 11:00:39,129.0
2016-11-14 11:27:40,135.0
2016-11-14 12:00:37,158.0
2016-11-14 12:27:39,154.0
2016-11-14 13:00:38,163.0
2016-11-14 13:27:41,152.0
2016-11-14 14:00:38,143.0
2016-11-14 14:33:40,126.0
2016-11-14 15:00:38,121.0
2016-11-14 15:27:42,113.0
2016-11-14 16:00:39,103.0
2016-11-14 16:27:39,89.0
2016-11-15 07:57:43,32.0
2016-11-15 08:30:47,38.0
2016-11-15 08:57:45,47.0
2016-11-15 09:30:46,79.0
2016-11-15 09:57:44,113.0
2016-11-15 10:30:47,171.0
2016-11-15 11:03:48,209.0
2016-11-15 11:30:46,226.0
2016-11-15 11:57:47,227.0
2016-11-15 12:30:45,222.0
2016-11-15 12:57:48,230.0
2016-11-15 13:30:48,233.0
2016-11-15 14:03:46,248.0
2016-11-15 14:30:48,216.0
2016-11-15 15:03:48,170.0
2016-11-15 15:30:49,158.0
2016-11-15 15:57:49,136.0
2016-11-15 16:30:46,114.0
2016-11-16 08:00:51,38.0
2016-11-16 08:27:50,40.0
2016-11-16 09:00:51,54.0
2016-11-16 09:27:53,64.0
2016-11-16 10:00:54,99.0
2016-11-16 10:33:53,129.0
2016-11-16 11:00:51,149.0
2016-11-16 11:27:51,163.0
2016-11-16 12:00:54,174.0
2016-11-16 12:27:54,172.0
2016-11-16 13:00:54,176.0
2016-11-16 13:27:55,187.0
2016-11-16 14:00:55,182.0
2016-11-16 14:27:52,181.0
2016-11-16 15:00:55,159.0
2016-11-16 15:33:56,145.0
2016-11-16 16:00:57,140.0
2016-11-16 16:33:57,125.0
2016-11-17 08:04:02,34.0
2016-11-17 08:31:01,38.0
2016-11-17 09:03:57,51.0
2016-11-17 09:31:01,69.0
2016-11-17 09:57:02,108.0
2016-11-17 10:31:02,146.0
2016-11-17 11:04:02,182.0
2016-11-17 11:31:02,186.0
2016-11-17 12:04:02,209.0
2016-11-17 12:31:03,210.0
2016-11-17 13:04:03,214.0
2016-11-17 13:31:03,212.0
2016-11-17 14:04:03,193.0
2016-11-17 14:30:59,175.0
2016-11-17 14:58:03,150.0
2016-11-17 15:30:59,136.0
2016-11-17 15:58:03,130.0
2016-11-17 16:31:04,114.0
2016-11-18 08:01:05,35.0
2016-11-18 08:27:05,37.0
2016-11-18 09:27:07,73.0
2016-11-18 10:01:06,117.0
2016-11-18 10:27:05,157.0
2016-11-18 11:01:06,194.0
2016-11-18 11:34:08,197.0
2016-11-18 12:01:06,205.0
2016-11-18 12:27:09,193.0
2016-11-18 13:01:10,201.0
2016-11-18 13:34:10,217.0
2016-11-18 14:01:10,213.0
2016-11-18 14:28:08,196.0
2016-11-18 15:01:07,168.0
2016-11-18 15:28:08,164.0
2016-11-18 16:01:10,154.0
2016-11-18 16:28:10,140.0
2016-11-19 07:57:12,29.0
2016-11-19 08:31:12,34.0
2016-11-19 08:57:12,51.0
2016-11-19 09:31:13,102.0
2016-11-19 10:04:14,152.0
2016-11-19 10:31:15,196.0
2016-11-19 10:58:15,235.0
2016-11-19 11:31:15,269.0
2016-11-19 12:04:16,293.0
2016-11-19 12:31:16,340.0
2016-11-19 13:04:16,400.0
2016-11-19 13:31:17,429.0
2016-11-19 14:04:17,492.0
2016-11-19 14:31:17,473.0
2016-11-19 15:04:16,482.0
2016-11-19 15:31:17,489.0
2016-11-19 16:04:17,452.0
2016-11-19 16:31:15,431.0
2016-11-20 08:01:19,20.0
2016-11-20 08:27:22,22.0
2016-11-20 09:01:19,21.0
2016-11-20 09:27:19,24.0
2016-11-20 10:01:20,28.0
2016-11-20 10:27:22,44.0
2016-11-20 11:01:22,95.0
2016-11-20 11:27:22,128.0
2016-11-20 12:01:20,163.0
2016-11-20 12:34:23,194.0
2016-11-20 13:07:23,246.0
2016-11-20 13:27:23,268.0
2016-11-20 14:01:22,307.0
2016-11-20 14:27:22,309.0
2016-11-20 15:01:23,290.0
2016-11-20 15:27:24,276.0
2016-11-20 16:01:22,231.0
2016-11-20 16:31:21,180.0
2016-11-21 08:04:26,26.0
2016-11-21 08:31:30,32.0
2016-11-21 09:04:26,39.0
2016-11-21 09:31:26,54.0
2016-11-21 10:04:29,78.0
2016-11-21 10:31:26,92.0
2016-11-21 11:04:29,99.0
2016-11-21 11:30:28,115.0
2016-11-21 11:57:30,122.0
2016-11-21 12:31:29,136.0
2016-11-21 12:57:27,146.0
2016-11-21 13:31:30,147.0
2016-11-21 14:04:30,138.0
2016-11-21 14:31:30,119.0
2016-11-21 14:57:31,111.0
2016-11-21 15:31:28,98.0
2016-11-21 15:57:30,93.0
2016-11-21 16:31:30,83.0
2016-11-22 07:57:33,24.0
2016-11-22 08:31:33,32.0
2016-11-22 09:04:34,45.0
2016-11-22 09:31:35,66.0
2016-11-22 10:04:34,116.0
2016-11-22 10:31:37,154.0
2016-11-22 11:04:34,188.0
2016-11-22 11:31:35,209.0
2016-11-22 12:04:36,228.0
2016-11-22 12:31:37,232.0
2016-11-22 12:57:35,234.0
2016-11-22 13:31:38,234.0
2016-11-22 13:57:38,227.0
2016-11-22 14:31:37,205.0
2016-11-22 14:57:38,175.0
2016-11-22 15:31:37,160.0
2016-11-22 15:57:37,137.0
2016-11-22 16:30:38,122.0
2016-11-23 08:04:40,28.0
2016-11-23 08:30:41,29.0
2016-11-23 08:57:42,34.0
2016-11-23 09:31:23,47.0
2016-11-23 10:04:40,72.0
2016-11-23 10:31:36,100.0
2016-11-23 11:04:42,128.0
2016-11-23 11:31:44,152.0
2016-11-23 11:57:41,166.0
2016-11-23 12:31:44,177.0
2016-11-23 13:04:45,187.0
2016-11-23 13:31:41,181.0
2016-11-23 13:57:41,177.0
2016-11-23 14:30:43,150.0
2016-11-23 15:04:43,126.0
2016-11-23 15:31:42,119.0
2016-11-23 16:04:46,102.0
2016-11-23 16:30:42,92.0
2016-11-24 08:00:47,32.0
2016-11-24 08:27:47,34.0
2016-11-24 09:00:48,52.0
2016-11-24 09:34:49,81.0
2016-11-24 10:01:47,110.0
2016-11-24 10:27:47,131.0
2016-11-24 11:00:49,167.0
2016-11-24 11:27:51,187.0
2016-11-24 12:00:50,200.0
2016-11-24 12:30:48,211.0
2016-11-24 13:04:50,230.0
2016-11-24 13:30:51,219.0
2016-11-24 13:57:51,214.0
2016-11-24 14:30:52,194.0
2016-11-24 14:57:51,176.0
2016-11-24 15:31:49,157.0
2016-11-24 15:57:49,147.0
2016-11-24 16:31:53,134.0
2016-11-25 08:00:57,44.0
2016-11-25 09:00:56,60.0
2016-11-25 09:27:55,106.0
2016-11-25 10:00:56,222.0
2016-11-25 10:27:56,283.0
2016-11-25 11:00:55,331.0
2016-11-25 11:27:55,370.0
2016-11-25 12:00:56,380.0
2016-11-25 12:34:55,390.0
2016-11-25 13:00:58,386.0
2016-11-25 13:27:56,384.0
2016-11-25 14:00:58,357.0
2016-11-25 14:34:59,355.0
2016-11-25 15:00:56,341.0
2016-11-25 15:27:59,333.0
2016-11-25 16:00:59,264.0
2016-11-25 16:27:58,248.0
2016-11-26 08:01:01,39.0
2016-11-26 08:28:01,41.0
2016-11-26 09:01:01,59.0
2016-11-26 09:35:02,111.0
2016-11-26 10:01:04,160.0
2016-11-26 10:35:03,195.0
2016-11-26 11:01:03,247.0
2016-11-26 11:28:02,298.0
2016-11-26 12:01:04,368.0
2016-11-26 12:28:02,428.0
2016-11-26 13:01:03,489.0
2016-11-26 13:28:04,508.0
2016-11-26 14:01:02,551.0
2016-11-26 14:41:04,573.0
2016-11-26 15:01:02,567.0
2016-11-26 15:28:04,551.0
2016-11-26 16:01:04,543.0
2016-11-26 16:28:05,501.0
2016-11-27 08:02:24,22.0
2016-11-27 08:32:19,22.0
2016-11-27 09:02:19,23.0
2016-11-27 09:32:21,24.0
2016-11-27 10:01:19,35.0
2016-11-27 10:32:24,65.0
2016-11-27 11:01:24,98.0
2016-11-27 11:31:20,147.0
2016-11-27 12:01:25,177.0
2016-11-27 12:32:25,223.0
2016-11-27 13:08:25,259.0
2016-11-27 13:32:24,291.0
2016-11-27 14:02:23,304.0
2016-11-27 14:31:20,300.0
2016-11-27 15:01:22,292.0
2016-11-27 15:32:23,283.0
2016-11-27 16:01:23,240.0
2016-11-27 16:32:24,199.0
2016-11-28 08:01:27,20.0
2016-11-28 08:32:24,28.0
2016-11-28 09:02:28,33.0
2016-11-28 09:28:24,51.0
2016-11-28 10:01:29,82.0
2016-11-28 10:32:29,112.0
2016-11-28 11:01:30,147.0
2016-11-28 11:32:28,187.0
2016-11-28 12:01:27,205.0
2016-11-28 12:28:29,217.0
2016-11-28 13:02:26,224.0
2016-11-28 13:31:29,224.0
2016-11-28 14:02:29,209.0
2016-11-28 14:32:29,199.0
2016-11-28 15:02:29,171.0
2016-11-28 15:41:28,150.0
2016-11-28 16:02:30,131.0
2016-11-28 16:28:27,133.0
2016-11-29 07:55:29,20.0
2016-11-29 08:28:33,24.0
2016-11-29 09:02:35,38.0
2016-11-29 09:28:32,53.0
2016-11-29 10:01:30,90.0
2016-11-29 10:28:34,132.0
2016-11-29 11:01:36,165.0
2016-11-29 11:28:34,188.0
2016-11-29 11:55:30,192.0
2016-11-29 12:28:36,206.0
2016-11-29 13:02:35,208.0
2016-11-29 13:28:30,206.0
2016-11-29 14:01:32,180.0
2016-11-29 14:28:36,169.0
2016-11-29 14:55:34,152.0
2016-11-29 15:28:35,138.0
2016-11-29 16:02:35,128.0
2016-11-29 16:28:34,114.0
2016-11-30 08:02:35,17.0
2016-11-30 08:28:35,24.0
2016-11-30 09:01:35,35.0
2016-11-30 09:28:40,49.0
2016-11-30 10:01:40,81.0
2016-11-30 10:28:38,107.0
2016-11-30 10:55:36,134.0
2016-11-30 11:28:40,159.0
2016-11-30 12:01:36,182.0
2016-11-30 12:28:37,189.0
2016-11-30 13:01:39,204.0
2016-11-30 13:28:41,201.0
2016-11-30 14:01:36,196.0
2016-11-30 14:28:40,181.0
2016-11-30 15:01:39,154.0
2016-11-30 15:28:40,132.0
2016-11-30 16:01:39,114.0
2016-11-30 16:28:40,106.0
2016-12-01 08:05:40,22.0
2016-12-01 08:25:46,22.0
2016-12-01 08:58:41,31.0
2016-12-01 09:25:44,47.0
2016-12-01 09:58:41,94.0
2016-12-01 10:25:43,127.0
2016-12-01 10:58:45,153.0
2016-12-01 11:32:41,174.0
2016-12-01 11:58:45,196.0
2016-12-01 12:25:45,191.0
2016-12-01 12:58:47,207.0
2016-12-01 13:25:45,203.0
2016-12-01 13:58:48,190.0
2016-12-01 14:25:46,173.0
2016-12-01 14:58:46,168.0
2016-12-01 15:25:42,153.0
2016-12-01 15:58:47,123.0
2016-12-01 16:25:44,108.0
2016-12-02 07:55:49,18.0
2016-12-02 08:28:48,24.0
2016-12-02 09:01:49,40.0
2016-12-02 09:28:50,58.0
2016-12-02 10:02:52,91.0
2016-12-02 10:28:53,122.0
2016-12-02 11:01:53,155.0
2016-12-02 11:28:49,181.0
2016-12-02 12:01:51,197.0
2016-12-02 12:28:52,196.0
2016-12-02 12:58:51,200.0
2016-12-02 13:25:52,203.0
2016-12-02 13:58:53,196.0
2016-12-02 14:25:50,186.0
2016-12-02 14:58:50,175.0
2016-12-02 15:31:52,149.0
2016-12-02 15:58:52,131.0
2016-12-02 16:32:54,105.0
2016-12-05 08:02:03,11.0
2016-12-05 08:29:08,14.0
2016-12-05 09:02:08,26.0
2016-12-05 09:29:08,39.0
2016-12-05 10:03:04,63.0
2016-12-05 10:29:08,87.0
2016-12-05 11:02:06,113.0
2016-12-05 11:29:09,126.0
2016-12-05 11:56:10,148.0
2016-12-05 12:29:10,161.0
2016-12-05 13:02:08,172.0
2016-12-05 13:29:09,177.0
2016-12-05 14:02:11,170.0
2016-12-05 14:29:08,165.0
2016-12-05 15:02:10,149.0
2016-12-05 15:29:11,142.0
2016-12-05 16:02:11,106.0
2016-12-05 16:29:05,95.0
2016-12-06 07:56:10,11.0
2016-12-06 08:29:11,11.0
2016-12-06 08:56:10,22.0
2016-12-06 09:29:14,39.0
2016-12-06 10:02:12,83.0
2016-12-06 10:29:11,120.0
2016-12-06 11:02:16,194.0
2016-12-06 11:29:14,220.0
2016-12-06 11:56:16,226.0
2016-12-06 12:29:11,240.0
2016-12-06 12:56:16,238.0
2016-12-06 13:29:16,229.0
2016-12-06 14:02:16,208.0
2016-12-06 14:29:14,199.0
2016-12-06 15:02:17,178.0
2016-12-06 15:29:17,150.0
2016-12-06 16:02:16,128.0
2016-12-06 16:29:16,111.0
2016-12-07 07:59:16,11.0
2016-12-07 08:26:20,15.0
2016-12-07 08:55:20,20.0
2016-12-07 09:26:22,34.0
2016-12-07 09:59:20,68.0
2016-12-07 10:26:21,97.0
2016-12-07 10:59:20,136.0
2016-12-07 11:25:22,150.0
2016-12-07 11:59:20,177.0
2016-12-07 12:26:21,172.0
2016-12-07 12:59:22,178.0
2016-12-07 13:26:23,183.0
2016-12-07 13:59:22,174.0
2016-12-07 14:26:23,157.0
2016-12-07 14:59:22,137.0
2016-12-07 15:32:22,125.0
2016-12-07 15:59:23,115.0
2016-12-07 16:32:23,103.0
2016-12-08 07:59:25,14.0
2016-12-08 08:26:27,17.0
2016-12-08 08:59:24,26.0
2016-12-08 09:26:27,44.0
2016-12-08 09:59:28,82.0
2016-12-08 10:32:22,124.0
2016-12-08 10:59:25,159.0
2016-12-08 11:32:28,186.0
2016-12-08 11:59:28,209.0
2016-12-08 12:25:24,219.0
2016-12-08 12:59:24,223.0
2016-12-08 13:25:28,216.0
2016-12-08 13:59:28,215.0
2016-12-08 14:26:29,196.0
2016-12-08 14:59:29,169.0
2016-12-08 15:26:23,148.0
2016-12-08 15:59:27,138.0
2016-12-08 16:32:27,105.0
2016-12-09 08:02:30,12.0
2016-12-09 08:29:28,19.0
2016-12-09 08:55:33,27.0
2016-12-09 09:29:31,58.0
2016-12-09 09:55:30,89.0
2016-12-09 10:29:29,133.0
2016-12-09 10:56:33,161.0
2016-12-09 11:29:33,190.0
2016-12-09 11:56:32,205.0
2016-12-09 12:29:31,203.0
2016-12-09 13:02:32,210.0
2016-12-09 13:29:31,209.0
2016-12-09 14:02:34,217.0
2016-12-09 14:29:33,217.0
2016-12-09 14:56:31,200.0
2016-12-09 15:29:34,162.0
2016-12-09 16:02:32,157.0
2016-12-09 16:29:30,136.0
2016-12-10 07:59:34,7.0
2016-12-10 08:29:33,14.0
2016-12-10 09:02:35,45.0
2016-12-10 09:29:38,84.0
2016-12-10 09:55:38,124.0
2016-12-10 10:29:38,165.0
2016-12-10 11:02:39,201.0
2016-12-10 11:29:39,244.0
2016-12-10 12:02:38,294.0
2016-12-10 12:29:40,344.0
2016-12-10 12:55:40,383.0
2016-12-10 13:29:39,408.0
2016-12-10 13:56:35,455.0
2016-12-10 14:25:37,467.0
2016-12-10 15:02:39,476.0
2016-12-10 15:25:39,458.0
2016-12-10 15:59:39,453.0
2016-12-10 16:25:40,420.0
2016-12-11 08:02:39,3.0
2016-12-11 08:25:43,2.0
2016-12-11 08:59:45,3.0
2016-12-11 09:26:44,5.0
2016-12-11 09:59:44,11.0
2016-12-11 10:25:42,35.0
2016-12-11 10:59:45,82.0
2016-12-11 11:26:10,117.0
2016-12-11 11:59:45,162.0
2016-12-11 12:32:41,204.0
2016-12-11 13:05:46,257.0
2016-12-11 13:26:45,288.0
2016-12-11 13:59:44,314.0
2016-12-11 14:32:44,324.0
2016-12-11 14:59:43,325.0
2016-12-11 15:25:45,324.0
2016-12-11 15:59:46,285.0
2016-12-11 16:25:46,255.0
2016-12-12 08:02:45,7.0
2016-12-12 08:29:50,11.0
2016-12-12 09:02:45,23.0
2016-12-12 09:29:48,40.0
2016-12-12 10:02:49,75.0
2016-12-12 10:29:50,99.0
2016-12-12 11:02:50,142.0
2016-12-12 11:29:51,157.0
2016-12-12 11:55:49,157.0
2016-12-12 12:29:50,167.0
2016-12-12 12:56:46,181.0
2016-12-12 13:29:50,189.0
2016-12-12 14:02:50,184.0
2016-12-12 14:29:49,165.0
2016-12-12 14:55:51,159.0
2016-12-12 15:29:47,131.0
2016-12-12 15:56:51,115.0
2016-12-12 16:29:51,95.0
2016-12-13 08:02:51,14.0
2016-12-13 08:29:53,20.0
2016-12-13 09:02:55,33.0
2016-12-13 09:29:54,59.0
2016-12-13 09:55:56,91.0
2016-12-13 10:29:54,132.0
2016-12-13 11:02:54,175.0
2016-12-13 11:29:55,185.0
2016-12-13 12:02:55,209.0
2016-12-13 12:29:55,216.0
2016-12-13 13:02:55,227.0
2016-12-13 13:55:56,210.0
2016-12-13 14:29:57,181.0
2016-12-13 14:56:52,159.0
2016-12-13 15:28:52,129.0
2016-12-13 16:02:56,103.0
2016-12-13 16:29:56,88.0
2016-12-14 08:03:01,14.0
2016-12-14 08:43:00,18.0
2016-12-14 09:03:01,22.0
2016-12-14 09:29:57,42.0
2016-12-14 10:02:59,80.0
2016-12-14 10:30:01,103.0
2016-12-14 11:30:01,149.0
2016-12-14 12:02:58,170.0
2016-12-14 12:30:00,177.0
2016-12-14 13:03:02,200.0
2016-12-14 13:29:57,206.0
2016-12-14 14:03:00,198.0
2016-12-14 14:30:01,173.0
2016-12-14 14:56:03,161.0
2016-12-14 15:30:00,142.0
2016-12-14 15:56:02,145.0
2016-12-14 16:30:00,134.0
2016-12-15 07:57:02,14.0
2016-12-15 08:30:06,19.0
2016-12-15 09:03:06,31.0
2016-12-15 09:30:04,63.0
2016-12-15 09:57:02,100.0
2016-12-15 10:30:07,137.0
2016-12-15 11:03:05,169.0
2016-12-15 11:26:03,185.0
2016-12-15 12:00:02,215.0
2016-12-15 12:26:03,228.0
2016-12-15 13:00:07,219.0
2016-12-15 13:26:08,207.0
2016-12-15 14:00:06,203.0
2016-12-15 14:26:06,183.0
2016-12-15 15:00:07,164.0
2016-12-15 15:26:03,148.0
2016-12-15 16:03:03,140.0
2016-12-15 16:30:07,130.0
2016-12-16 07:59:09,11.0
2016-12-16 08:30:12,19.0
2016-12-16 09:03:07,35.0
2016-12-16 09:30:12,68.0
2016-12-16 10:03:09,104.0
2016-12-16 10:29:08,130.0
2016-12-16 11:03:08,153.0
2016-12-16 11:30:10,166.0
2016-12-16 11:56:10,176.0
2016-12-16 12:30:11,179.0
2016-12-16 12:56:12,172.0
2016-12-16 13:30:12,185.0
2016-12-16 13:56:11,182.0
2016-12-16 14:30:10,190.0
2016-12-16 14:56:11,187.0
2016-12-16 15:30:10,193.0
2016-12-16 16:03:11,168.0
2016-12-16 16:30:12,137.0
2016-12-17 07:59:15,17.0
2016-12-17 08:26:15,26.0
2016-12-17 09:00:13,51.0
2016-12-17 09:26:17,82.0
2016-12-17 09:59:17,129.0
2016-12-17 10:33:17,171.0
2016-12-17 11:00:17,215.0
2016-12-17 11:33:16,263.0
2016-12-17 12:00:17,304.0
2016-12-17 12:26:17,337.0
2016-12-17 13:00:18,353.0
2016-12-17 13:27:17,378.0
2016-12-17 14:00:17,417.0
2016-12-17 14:30:19,440.0
2016-12-17 15:03:18,443.0
2016-12-17 15:30:19,415.0
2016-12-17 15:57:15,379.0
2016-12-17 16:30:16,356.0
2016-12-18 08:03:24,4.0
2016-12-18 08:30:20,4.0
2016-12-18 08:56:20,6.0
2016-12-18 09:30:21,8.0
2016-12-18 09:56:24,18.0
2016-12-18 10:30:23,44.0
2016-12-18 11:03:25,89.0
2016-12-18 11:30:22,135.0
2016-12-18 12:03:23,165.0
2016-12-18 12:30:25,193.0
2016-12-18 12:56:26,215.0
2016-12-18 13:30:26,258.0
2016-12-18 14:03:26,309.0
2016-12-18 14:30:27,310.0
2016-12-18 14:56:25,303.0
2016-12-18 15:30:24,293.0
2016-12-18 16:03:27,247.0
2016-12-18 16:30:25,206.0
2016-12-19 08:03:29,11.0
2016-12-19 08:30:28,17.0
2016-12-19 09:03:33,24.0
2016-12-19 09:30:30,40.0
2016-12-19 09:56:32,57.0
2016-12-19 10:30:33,97.0
2016-12-19 11:03:31,134.0
2016-12-19 11:30:30,175.0
2016-12-19 12:03:32,216.0
2016-12-19 12:30:32,249.0
2016-12-19 13:03:30,277.0
2016-12-19 13:30:35,291.0
2016-12-19 14:03:31,305.0
2016-12-19 14:30:33,309.0
2016-12-19 15:03:34,300.0
2016-12-19 15:29:33,274.0
2016-12-19 16:03:35,230.0
2016-12-19 16:30:35,193.0
2016-10-16 14:34:14,329.0
2016-10-04 11:19:43,476.0
2016-10-23 07:32:50,219.0
2016-10-30 07:46:55,220.0
2016-11-06 07:40:45,217.0
2016-11-27 07:45:20,42.0
2016-12-11 08:19:39,20.0
2016-12-18 07:56:21,28.0
2016-10-16 08:01:13,72.0
2016-10-23 08:19:49,69.0
2016-10-29 07:39:45,41.0
2016-11-05 08:20:35,26.0
2016-11-20 08:07:19,28.0
2016-12-11 07:55:39,54.0
2016-12-18 08:43:20,69.0
2016-10-25 09:52:18,141.0
2016-11-06 09:26:47,52.0
2016-11-27 09:28:20,75.0
2016-12-05 07:56:03,55.0
2016-12-07 08:52:21,105.0
2016-12-15 07:53:05,75.0
2016-11-03 15:33:28,407.0
2016-10-08 07:50:33,111.0
2016-10-12 14:01:03,749.0
2016-10-16 07:47:16,87.0
2016-10-16 10:01:13,165.0
2016-10-16 10:21:13,169.0
2016-10-22 07:46:41,89.0
2016-10-23 08:52:49,105.0
2016-10-30 08:05:53,107.0
2016-10-30 08:45:54,112.0
2016-11-01 11:39:12,754.0
2016-11-03 11:53:24,723.0
2016-11-06 07:53:43,114.0
2016-11-06 08:46:45,120.0
2016-11-12 07:47:22,94.0
2016-11-13 07:53:30,96.0
2016-11-19 07:51:12,113.0
2016-11-20 08:14:19,97.0
2016-11-27 08:52:22,145.0
2016-11-27 09:22:23,158.0
2016-11-27 10:22:24,210.0
2016-11-27 10:58:21,237.0
2016-11-27 11:58:23,401.0
2016-11-28 07:55:24,269.0
2016-11-28 08:55:25,457.0
2016-11-28 09:22:29,552.0
2016-11-28 09:42:26,640.0
2016-11-28 10:22:24,749.0
2016-11-28 10:42:28,779.0
2016-11-28 11:52:26,874.0
2016-11-28 12:15:30,891.0
2016-11-28 12:45:30,892.0
2016-11-28 13:22:25,904.0
2016-11-28 15:15:31,843.0
2016-12-07 11:19:22,787.0
2016-12-10 14:22:38,647.0
2016-12-10 14:59:36,668.0
2016-12-15 07:49:01,225.0
2016-12-15 11:09:07,791.0
2016-12-17 08:19:15,164.0
2016-12-18 08:36:20,156.0
2016-10-09 08:57:45,196.0
2016-10-09 09:50:41,198.0
2016-10-09 10:24:44,205.0
2016-10-11 15:00:59,593.0
2016-10-12 10:57:04,645.0
2016-10-12 13:47:02,628.0
2016-10-17 11:24:19,591.0
2016-10-18 14:21:56,611.0
2016-10-23 12:59:56,255.0
2016-10-24 11:50:00,566.0
2016-10-27 10:19:36,551.0
2016-10-27 15:19:37,545.0
2016-10-30 09:52:58,179.0
2016-11-01 10:20:09,613.0
2016-11-03 13:20:27,654.0
2016-11-05 12:20:38,314.0
2016-11-06 13:19:48,241.0
2016-11-07 10:53:49,658.0
2016-11-10 09:47:13,587.0
2016-11-13 09:13:29,199.0
2016-11-13 09:53:30,209.0
2016-11-13 10:27:34,222.0
2016-11-20 09:21:22,195.0
2016-11-21 13:57:29,704.0
2016-11-27 09:25:23,182.0
2016-11-27 11:22:24,288.0
2016-11-27 13:02:21,415.0
2016-11-27 14:22:20,471.0
2016-11-27 15:55:22,368.0
2016-11-28 09:12:28,535.0
2016-11-28 09:52:29,636.0
2016-11-28 10:55:28,687.0
2016-11-28 14:25:31,717.0
2016-11-28 14:42:29,701.0
2016-11-28 15:35:31,643.0
2016-11-28 15:52:30,617.0
2016-11-29 12:22:35,720.0
2016-11-30 11:55:41,674.0
2016-12-06 09:36:11,592.0
2016-12-10 08:25:39,197.0
2016-12-10 09:49:39,270.0
2016-12-13 13:29:56,663.0
2016-12-15 08:56:02,481.0
2016-12-15 12:20:08,669.0
2016-12-15 14:39:07,635.0
2016-12-16 14:23:13,551.0
2016-10-04 10:52:49,498.0
2016-10-04 11:32:45,498.0
2016-10-04 14:22:47,499.0
2016-10-06 14:24:22,447.0
2016-10-07 13:24:29,356.0
2016-10-14 13:54:06,336.0
2016-10-17 09:57:17,410.0
2016-10-17 14:24:21,466.0
2016-10-24 10:49:57,337.0
2016-10-24 11:56:59,344.0
2016-10-24 13:23:01,349.0
2016-10-24 14:50:00,340.0
2016-10-25 10:22:22,338.0
2016-10-25 11:22:24,348.0
2016-10-25 12:23:21,363.0
2016-10-25 12:56:19,364.0
2016-10-27 11:52:37,353.0
2016-10-28 11:16:43,280.0
2016-10-28 14:56:45,256.0
2016-10-28 15:56:42,225.0
2016-11-01 12:20:09,475.0
2016-11-04 12:53:33,369.0
2016-11-04 14:20:34,349.0
2016-11-09 09:54:03,404.0
2016-11-10 09:54:13,443.0
2016-11-10 10:54:10,482.0
2016-11-10 11:54:12,494.0
2016-11-10 13:54:13,493.0
2016-11-10 14:54:11,471.0
2016-11-11 09:21:17,304.0
2016-11-11 10:54:17,359.0
2016-11-14 12:20:41,498.0
2016-11-16 11:53:55,463.0
2016-11-16 15:27:57,418.0
2016-11-19 07:37:12,105.0
2016-11-19 08:24:14,106.0
2016-11-19 09:58:13,113.0
2016-11-19 10:24:13,116.0
2016-11-19 11:24:16,125.0
2016-11-19 13:24:15,126.0
2016-11-20 09:54:20,92.0
2016-11-20 10:08:22,91.0
2016-11-20 11:21:20,72.0
2016-11-20 12:27:21,66.0
2016-11-20 12:54:22,70.0
2016-11-20 13:21:23,65.0
2016-11-20 13:54:24,70.0
2016-11-20 14:21:22,74.0
2016-11-20 15:14:24,72.0
2016-11-20 16:21:21,66.0
2016-11-21 09:57:29,499.0
2016-11-21 15:17:28,455.0
2016-11-22 11:44:34,500.0
2016-11-22 12:24:38,500.0
2016-11-23 10:57:44,452.0
2016-11-25 11:54:56,361.0
2016-11-25 13:54:56,347.0
2016-11-25 14:54:56,319.0
2016-11-25 15:54:59,300.0
2016-11-26 08:48:04,75.0
2016-11-26 12:55:05,63.0
2016-11-26 14:55:06,78.0
2016-11-26 15:55:06,84.0
2016-11-28 10:05:28,408.0
2016-11-28 11:25:26,445.0
2016-11-28 11:42:30,443.0
2016-11-28 12:25:29,448.0
2016-11-28 13:42:25,448.0
2016-11-28 14:12:29,447.0
2016-11-28 15:45:30,391.0
2016-11-29 12:55:33,499.0
2016-11-29 14:22:37,485.0
2016-11-30 15:55:37,415.0
2016-12-01 10:52:45,480.0
2016-12-05 13:56:05,444.0
2016-12-08 13:19:28,481.0
2016-12-09 10:22:30,350.0
2016-12-09 10:49:33,347.0
2016-12-09 13:55:35,335.0
2016-12-14 15:23:00,407.0
2016-12-17 08:23:15,179.0
2016-12-17 08:46:17,177.0
2016-12-17 09:06:18,182.0
2016-12-18 07:43:20,156.0
2016-12-18 10:10:23,146.0
2016-12-18 12:10:21,125.0
2016-12-18 12:50:23,120.0
2016-12-18 13:23:23,124.0
2016-12-18 14:23:26,120.0
2016-12-19 11:50:31,350.0
2016-10-04 12:56:49,374.0
2016-10-05 12:17:19,376.0
2016-10-05 15:57:17,316.0
2016-10-06 12:24:26,343.0
2016-10-07 13:57:28,279.0
2016-10-07 14:24:31,281.0
2016-10-08 12:24:39,212.0
2016-10-08 15:57:41,275.0
2016-10-09 08:24:46,227.0
2016-10-09 09:24:41,228.0
2016-10-10 11:44:48,330.0
2016-10-10 14:50:51,308.0
2016-10-11 11:23:58,397.0
2016-10-12 11:01:03,329.0
2016-10-12 13:57:05,340.0
2016-10-15 07:54:13,251.0
2016-10-18 08:54:23,318.0
2016-10-18 11:21:54,391.0
2016-10-22 07:52:46,235.0
2016-10-26 11:52:27,348.0
2016-10-30 07:52:54,309.0
2016-10-30 10:19:58,290.0
2016-11-01 08:20:07,185.0
2016-11-01 11:20:08,276.0
2016-11-06 08:20:46,204.0
2016-11-06 09:19:46,197.0
2016-11-06 15:53:48,173.0
2016-11-07 08:53:51,178.0
2016-11-09 10:54:06,337.0
2016-11-09 14:20:08,369.0
2016-11-11 07:54:19,269.0
2016-11-13 07:47:29,270.0
2016-11-13 09:47:29,263.0
2016-11-14 14:27:40,271.0
2016-11-14 14:53:39,274.0
2016-11-14 15:20:39,273.0
2016-11-15 08:17:43,240.0
2016-11-15 11:17:44,332.0
2016-11-15 14:57:48,328.0
2016-11-16 11:20:55,358.0
2016-11-17 08:56:57,289.0
2016-11-18 12:54:07,225.0
2016-11-20 07:41:21,215.0
2016-11-22 13:51:38,295.0
2016-11-23 13:51:44,342.0
2016-11-26 07:55:00,241.0
2016-11-27 08:58:19,266.0
2016-11-27 09:58:24,257.0
2016-11-27 11:55:19,272.0
2016-11-27 14:58:22,333.0
2016-11-27 15:25:24,334.0
2016-11-28 07:42:26,193.0
2016-11-28 11:12:25,308.0
2016-11-28 12:05:27,321.0
2016-11-30 11:22:40,337.0
2016-12-01 14:18:43,378.0
2016-12-02 08:21:49,206.0
2016-12-02 11:55:50,232.0
2016-12-05 10:56:07,223.0
2016-12-06 15:56:16,238.0
2016-12-07 12:19:19,306.0
2016-12-10 07:45:37,212.0
2016-12-10 08:12:38,212.0
2016-12-11 08:15:44,227.0
2016-12-14 07:55:56,197.0
2016-12-15 07:43:02,204.0
2016-12-17 07:53:15,228.0
2016-12-17 08:53:16,238.0
2016-12-18 08:16:20,173.0
2016-12-18 08:50:20,175.0
2016-12-18 09:50:20,176.0
2016-12-18 14:50:22,251.0
2016-12-19 13:23:31,272.0
2016-10-04 07:46:28,76.0
2016-10-04 09:25:48,84.0
2016-10-04 11:39:43,123.0
2016-10-05 07:50:13,39.0
2016-10-05 08:24:16,45.0
2016-10-05 08:51:15,49.0
2016-10-05 10:57:17,87.0
2016-10-06 07:50:19,45.0
2016-10-06 08:10:20,50.0
2016-10-06 08:50:23,53.0
2016-10-06 09:24:20,60.0
2016-10-06 11:24:26,104.0
2016-10-07 07:44:28,44.0
2016-10-07 08:24:29,48.0
2016-10-08 07:30:33,35.0
2016-10-08 08:24:34,37.0
2016-10-10 07:57:51,14.0
2016-10-10 08:57:52,19.0
2016-10-10 10:17:53,36.0
2016-10-10 15:50:51,54.0
2016-10-11 08:10:56,31.0
2016-10-11 09:17:54,39.0
2016-10-12 08:11:01,20.0
2016-10-13 08:24:07,23.0
2016-10-13 09:51:06,39.0
2016-10-13 13:24:02,84.0
2016-10-14 08:07:05,21.0
2016-10-14 09:21:06,36.0
2016-10-14 15:21:08,52.0
2016-10-15 08:14:09,9.0
2016-10-15 10:21:09,56.0
2016-10-17 07:34:19,9.0
2016-10-17 08:14:18,11.0
2016-10-17 09:21:18,17.0
2016-10-18 08:21:24,19.0
2016-10-18 13:48:58,70.0
2016-10-19 09:19:02,32.0
2016-10-22 08:06:41,5.0
2016-10-23 08:39:50,8.0
2016-10-24 08:56:36,19.0
2016-10-24 09:50:01,27.0
2016-10-24 11:23:02,54.0
2016-10-26 08:26:30,17.0
2016-10-27 07:52:31,14.0
2016-10-27 09:52:35,36.0
2016-10-28 07:49:40,10.0
2016-10-28 08:49:43,20.0
2016-10-29 08:19:51,4.0
2016-10-31 07:46:01,13.0
2016-10-31 09:53:00,27.0
2016-10-31 10:20:05,36.0
2016-10-31 13:20:05,64.0
2016-10-31 14:20:06,64.0
2016-10-31 16:20:03,39.0
2016-11-01 07:53:07,23.0
2016-11-01 08:53:10,29.0
2016-11-01 15:53:09,66.0
2016-11-02 08:23:14,34.0
2016-11-02 08:50:17,35.0
2016-11-03 08:13:21,20.0
2016-11-03 10:20:25,65.0
2016-11-05 07:46:35,13.0
2016-11-05 08:53:35,28.0
2016-11-06 09:13:42,10.0
2016-11-08 07:53:59,26.0
2016-11-08 08:13:57,28.0
2016-11-08 08:53:55,32.0
2016-11-09 07:34:03,22.0
2016-11-09 14:54:07,103.0
2016-11-09 16:20:09,67.0
2016-11-10 08:40:09,28.0
2016-11-10 12:54:14,97.0
2016-11-10 15:54:11,61.0
2016-11-11 08:54:16,29.0
2016-11-14 08:13:38,8.0
2016-11-14 08:47:39,9.0
2016-11-14 09:20:38,15.0
2016-11-15 07:30:43,13.0
2016-11-15 08:23:46,16.0
2016-11-15 08:50:47,21.0
2016-11-15 10:23:46,50.0
2016-11-16 07:40:50,27.0
2016-11-16 08:20:52,34.0
2016-11-16 08:53:55,40.0
2016-11-17 07:50:57,23.0
2016-11-17 10:57:00,80.0
2016-11-17 11:17:59,82.0
2016-11-17 13:58:03,118.0
2016-11-18 08:08:05,27.0
2016-11-21 07:44:25,8.0
2016-11-21 08:24:28,10.0
2016-11-21 09:24:27,24.0
2016-11-21 10:24:30,42.0
2016-11-21 11:24:30,68.0
2016-11-22 07:44:34,13.0
2016-11-22 08:44:34,15.0
2016-11-23 07:51:40,9.0
2016-11-23 08:51:40,15.0
2016-11-24 08:14:47,16.0
2016-11-24 11:54:49,90.0
2016-11-24 16:24:52,74.0
2016-11-25 07:54:54,23.0
2016-11-25 12:54:55,139.0
2016-11-27 10:15:19,36.0
2016-11-27 14:25:25,237.0
2016-11-29 08:22:29,22.0
2016-11-29 08:55:35,26.0
2016-11-29 09:55:33,45.0
2016-11-29 10:21:36,52.0
2016-11-29 10:55:33,78.0
2016-11-29 16:22:33,61.0
2016-11-30 08:35:41,27.0
2016-11-30 09:55:35,54.0
2016-11-30 14:22:39,113.0
2016-12-01 07:58:40,33.0
2016-12-01 08:18:40,35.0
2016-12-02 08:55:52,34.0
2016-12-02 09:22:50,42.0
2016-12-02 13:52:51,158.0
2016-12-05 09:23:07,34.0
2016-12-06 08:22:10,27.0
2016-12-06 09:22:10,35.0
2016-12-07 07:52:19,38.0
2016-12-07 08:46:21,43.0
2016-12-07 12:52:23,137.0
2016-12-08 07:32:25,33.0
2016-12-08 08:12:23,37.0
2016-12-08 08:39:22,39.0
2016-12-09 08:09:33,29.0
2016-12-11 08:09:39,20.0
2016-12-11 09:19:39,22.0
2016-12-12 07:42:45,25.0
2016-12-12 08:22:45,30.0
2016-12-12 08:56:45,35.0
2016-12-13 07:55:51,33.0
2016-12-13 08:55:55,33.0
2016-12-15 08:43:02,45.0
2016-12-15 09:10:05,49.0
2016-12-16 07:40:07,33.0
2016-12-18 08:23:20,21.0
2016-12-19 08:10:28,27.0
2016-10-07 15:24:31,377.0
2016-10-08 11:57:34,192.0
2016-10-09 12:24:42,109.0
2016-10-09 13:57:42,103.0
2016-10-09 14:24:43,99.0
2016-10-09 15:23:44,91.0
2016-10-11 14:56:59,529.0
2016-10-16 08:14:13,133.0
2016-10-16 08:54:18,144.0
2016-10-16 10:11:13,172.0
2016-10-16 12:21:17,137.0
2016-10-22 08:19:43,127.0
2016-10-23 07:46:48,111.0
2016-10-23 08:05:50,115.0
2016-10-23 10:52:53,108.0
2016-10-23 13:46:53,60.0
2016-10-23 16:19:54,63.0
2016-10-28 11:22:41,394.0
2016-10-30 08:19:54,124.0
2016-10-30 09:12:52,132.0
2016-10-30 14:52:56,71.0
2016-10-30 15:25:59,66.0
2016-11-04 15:19:33,383.0
2016-11-06 10:19:42,115.0
2016-11-06 11:19:45,96.0
2016-11-06 12:20:45,86.0
2016-11-06 13:53:45,79.0
2016-11-13 09:27:30,94.0
2016-11-13 11:54:32,67.0
2016-11-13 12:20:34,65.0
2016-11-13 14:20:33,57.0
2016-11-13 15:20:33,58.0
2016-11-18 11:27:06,470.0
2016-11-20 07:47:19,95.0
2016-11-20 10:21:20,112.0
2016-11-23 09:57:42,500.0
2016-11-23 11:51:41,559.0
2016-11-26 08:15:01,148.0
2016-11-26 09:55:01,174.0
2016-11-26 13:21:03,173.0
2016-11-27 07:58:23,124.0
2016-11-27 08:18:19,125.0
2016-11-27 11:42:25,113.0
2016-11-27 14:52:25,111.0
2016-11-27 15:12:25,107.0
2016-11-27 16:18:26,97.0
2016-11-28 08:22:28,270.0
2016-11-28 13:52:27,541.0
2016-12-02 10:22:52,464.0
2016-12-05 12:56:05,568.0
2016-12-07 14:19:23,525.0
2016-12-11 12:59:44,134.0
2016-12-11 13:52:45,121.0
2016-12-11 14:52:44,109.0
2016-12-13 15:22:55,545.0
2016-12-14 14:50:01,546.0
2016-12-18 09:23:20,118.0
2016-12-18 11:23:24,89.0
2016-12-18 11:56:23,86.0
2016-12-18 13:56:23,80.0
2016-12-18 15:50:25,64.0
2016-11-08 13:53:58,677.0
2016-10-16 07:57:13,316.0
2016-11-20 08:21:19,83.0
2016-10-16 10:31:13,243.0
