DateTime,Consumption kWh
11/25/2011 01:00:00,0.39
11/25/2011 02:00:00,0.33
11/25/2011 03:00:00,0.27
11/25/2011 04:00:00,0.29
11/25/2011 05:00:00,0.29
11/25/2011 06:00:00,0.29
11/25/2011 07:00:00,0.28
11/25/2011 08:00:00,0.31
11/25/2011 09:00:00,0.33
11/25/2011 10:00:00,0.48
11/25/2011 11:00:00,0.47
11/25/2011 12:00:00,0.47
11/25/2011 13:00:00,0.48
11/25/2011 14:00:00,0.42
11/25/2011 15:00:00,0.34
11/25/2011 16:00:00,0.36
11/25/2011 17:00:00,0.3
11/25/2011 18:00:00,0.32
11/25/2011 19:00:00,0.3
11/25/2011 20:00:00,0.39
11/25/2011 21:00:00,0.36
11/25/2011 22:00:00,0.39
11/25/2011 23:00:00,0.37
11/25/2011 00:00:00,0.3
11/26/2011 01:00:00,0.3
11/26/2011 02:00:00,0.26
11/26/2011 03:00:00,0.27
11/26/2011 04:00:00,0.27
11/26/2011 05:00:00,0.29
11/26/2011 06:00:00,0.28
11/26/2011 07:00:00,0.26
11/26/2011 08:00:00,0.27
11/26/2011 09:00:00,0.29
11/26/2011 10:00:00,0.29
11/26/2011 11:00:00,0.3
11/26/2011 12:00:00,0.26
11/26/2011 13:00:00,2.35
11/26/2011 14:00:00,0.65
11/26/2011 15:00:00,0.32
11/26/2011 16:00:00,0.35
11/26/2011 17:00:00,0.42
11/26/2011 18:00:00,0.35
11/26/2011 19:00:00,0.33
11/26/2011 20:00:00,0.33
11/26/2011 21:00:00,0.32
11/26/2011 22:00:00,0.31
11/26/2011 23:00:00,0.31
11/26/2011 00:00:00,0.3
11/27/2011 01:00:00,0.32
11/27/2011 02:00:00,0.31
11/27/2011 03:00:00,0.26
11/27/2011 04:00:00,0.29
11/27/2011 05:00:00,0.28
11/27/2011 06:00:00,0.27
11/27/2011 07:00:00,0.27
11/27/2011 08:00:00,0.26
11/27/2011 09:00:00,0.28
11/27/2011 10:00:00,1.57
11/27/2011 11:00:00,4.19
11/27/2011 12:00:00,0.41
11/27/2011 13:00:00,0.38
11/27/2011 14:00:00,0.29
11/27/2011 15:00:00,0.34
11/27/2011 16:00:00,0.3
11/27/2011 17:00:00,0.27
11/27/2011 18:00:00,0.26
11/27/2011 19:00:00,0.47
11/27/2011 20:00:00,0.3
11/27/2011 21:00:00,0.3
11/27/2011 22:00:00,0.69
11/27/2011 23:00:00,0.73
11/27/2011 00:00:00,0.37
11/28/2011 01:00:00,0.31
11/28/2011 02:00:00,0.31
11/28/2011 03:00:00,0.29
11/28/2011 04:00:00,0.29
11/28/2011 05:00:00,0.32
11/28/2011 06:00:00,0.29
11/28/2011 07:00:00,0.32
11/28/2011 08:00:00,0.36
11/28/2011 09:00:00,0.38
11/28/2011 10:00:00,2.54
11/28/2011 11:00:00,0.52
11/28/2011 12:00:00,0.37
11/28/2011 13:00:00,0.31
11/28/2011 14:00:00,0.26
11/28/2011 15:00:00,0.31
11/28/2011 16:00:00,0.36
11/28/2011 17:00:00,0.32
11/28/2011 18:00:00,0.3
11/28/2011 19:00:00,0.37
11/28/2011 20:00:00,0.56
11/28/2011 21:00:00,0.45
11/28/2011 22:00:00,0.42
11/28/2011 23:00:00,0.52
11/28/2011 00:00:00,0.41
11/29/2011 01:00:00,0.3
11/29/2011 02:00:00,0.3
11/29/2011 03:00:00,0.3
11/29/2011 04:00:00,0.29
11/29/2011 05:00:00,0.3
11/29/2011 06:00:00,0.27
11/29/2011 07:00:00,0.4
11/29/2011 08:00:00,0.31
11/29/2011 09:00:00,0.26
11/29/2011 10:00:00,0.28
11/29/2011 11:00:00,0.27
11/29/2011 12:00:00,0.39
11/29/2011 13:00:00,0.41
11/29/2011 14:00:00,0.39
11/29/2011 15:00:00,0.41
11/29/2011 16:00:00,0.38
11/29/2011 17:00:00,0.37
11/29/2011 18:00:00,0.48
11/29/2011 19:00:00,0.5
11/29/2011 20:00:00,0.41
11/29/2011 21:00:00,0.5
11/29/2011 22:00:00,0.47
11/29/2011 23:00:00,0.43
11/29/2011 00:00:00,0.44
11/30/2011 01:00:00,0.35
11/30/2011 02:00:00,0.31
11/30/2011 03:00:00,0.3
11/30/2011 04:00:00,0.3
11/30/2011 05:00:00,0.31
11/30/2011 06:00:00,0.3
11/30/2011 07:00:00,0.32
11/30/2011 08:00:00,0.33
11/30/2011 09:00:00,0.27
11/30/2011 10:00:00,0.43
11/30/2011 11:00:00,0.36
11/30/2011 12:00:00,0.35
11/30/2011 13:00:00,0.38
11/30/2011 14:00:00,0.35
11/30/2011 15:00:00,0.34
11/30/2011 16:00:00,0.37
11/30/2011 17:00:00,0.38
11/30/2011 18:00:00,0.7
11/30/2011 19:00:00,0.44
11/30/2011 20:00:00,0.5
11/30/2011 21:00:00,0.7
11/30/2011 22:00:00,0.63
11/30/2011 23:00:00,0.62
11/30/2011 00:00:00,0.41
12/01/2011 01:00:00,0.31
12/01/2011 02:00:00,0.29
12/01/2011 03:00:00,0.28
12/01/2011 04:00:00,0.3
12/01/2011 05:00:00,0.3
12/01/2011 06:00:00,0.3
12/01/2011 07:00:00,0.37
12/01/2011 08:00:00,0.29
12/01/2011 09:00:00,0.34
12/01/2011 10:00:00,0.36
12/01/2011 11:00:00,0.34
12/01/2011 12:00:00,1.26
12/01/2011 13:00:00,0.59
12/01/2011 14:00:00,0.24
12/01/2011 15:00:00,0.28
12/01/2011 16:00:00,0.33
12/01/2011 17:00:00,0.32
12/01/2011 18:00:00,0.5
12/01/2011 19:00:00,0.48
12/01/2011 20:00:00,0.51
12/01/2011 21:00:00,0.46
12/01/2011 22:00:00,0.45
12/01/2011 23:00:00,0.43
12/01/2011 00:00:00,0.52
12/02/2011 01:00:00,0.35
12/02/2011 02:00:00,0.31
12/02/2011 03:00:00,0.27
12/02/2011 04:00:00,0.3
12/02/2011 05:00:00,0.31
12/02/2011 06:00:00,0.29
12/02/2011 07:00:00,0.28
12/02/2011 08:00:00,0.36
12/02/2011 09:00:00,0.33
12/02/2011 10:00:00,0.44
12/02/2011 11:00:00,0.42
12/02/2011 12:00:00,0.67
12/02/2011 13:00:00,0.43
12/02/2011 14:00:00,0.52
12/02/2011 15:00:00,0.35
12/02/2011 16:00:00,0.45
12/02/2011 17:00:00,0.38
12/02/2011 18:00:00,0.32
12/02/2011 19:00:00,0.3
12/02/2011 20:00:00,0.36
12/02/2011 21:00:00,0.33
12/02/2011 22:00:00,0.46
12/02/2011 23:00:00,0.36
12/02/2011 00:00:00,0.32
12/03/2011 01:00:00,0.31
12/03/2011 02:00:00,0.28
12/03/2011 03:00:00,0.3
12/03/2011 04:00:00,0.33
12/03/2011 05:00:00,0.32
12/03/2011 06:00:00,0.3
12/03/2011 07:00:00,0.31
12/03/2011 08:00:00,0.29
12/03/2011 09:00:00,0.39
12/03/2011 10:00:00,0.38
12/03/2011 11:00:00,0.34
12/03/2011 12:00:00,0.34
12/03/2011 13:00:00,0.32
12/03/2011 14:00:00,0.3
12/03/2011 15:00:00,0.28
12/03/2011 16:00:00,0.26
12/03/2011 17:00:00,0.3
12/03/2011 18:00:00,0.26
12/03/2011 19:00:00,0.38
12/03/2011 20:00:00,0.35
12/03/2011 21:00:00,0.46
12/03/2011 22:00:00,0.44
12/03/2011 23:00:00,0.4
12/03/2011 00:00:00,0.37
12/04/2011 01:00:00,0.33
12/04/2011 02:00:00,0.29
12/04/2011 03:00:00,0.27
12/04/2011 04:00:00,0.3
12/04/2011 05:00:00,0.31
12/04/2011 06:00:00,0.28
12/04/2011 07:00:00,0.28
12/04/2011 08:00:00,0.26
12/04/2011 09:00:00,0.38
12/04/2011 10:00:00,0.37
12/04/2011 11:00:00,0.32
12/04/2011 12:00:00,0.29
12/04/2011 13:00:00,0.32
12/04/2011 14:00:00,0.35
12/04/2011 15:00:00,0.3
12/04/2011 16:00:00,0.34
12/04/2011 17:00:00,2
12/04/2011 18:00:00,4.79
12/04/2011 19:00:00,0.62
12/04/2011 20:00:00,2.15
12/04/2011 21:00:00,1.51
12/04/2011 22:00:00,3.05
12/04/2011 23:00:00,0.39
12/04/2011 00:00:00,0.41
12/05/2011 01:00:00,0.33
12/05/2011 02:00:00,0.27
12/05/2011 03:00:00,0.26
12/05/2011 04:00:00,0.28
12/05/2011 05:00:00,0.41
12/05/2011 06:00:00,0.28
12/05/2011 07:00:00,0.3
12/05/2011 08:00:00,0.37
12/05/2011 09:00:00,0.26
12/05/2011 10:00:00,0.36
12/05/2011 11:00:00,0.35
12/05/2011 12:00:00,0.4
12/05/2011 13:00:00,0.4
12/05/2011 14:00:00,0.35
12/05/2011 15:00:00,0.35
12/05/2011 16:00:00,0.42
12/05/2011 17:00:00,0.36
12/05/2011 18:00:00,0.31
12/05/2011 19:00:00,0.38
12/05/2011 20:00:00,0.54
12/05/2011 21:00:00,0.51
12/05/2011 22:00:00,0.46
12/05/2011 23:00:00,0.36
12/05/2011 00:00:00,0.31
12/06/2011 01:00:00,0.3
12/06/2011 02:00:00,0.27
12/06/2011 03:00:00,0.28
12/06/2011 04:00:00,0.31
12/06/2011 05:00:00,0.3
12/06/2011 06:00:00,0.28
12/06/2011 07:00:00,0.31
12/06/2011 08:00:00,0.34
12/06/2011 09:00:00,0.28
12/06/2011 10:00:00,1.11
12/06/2011 11:00:00,1.62
12/06/2011 12:00:00,0.93
12/06/2011 13:00:00,0.36
12/06/2011 14:00:00,0.27
12/06/2011 15:00:00,0.34
12/06/2011 16:00:00,0.5
12/06/2011 17:00:00,0.35
12/06/2011 18:00:00,0.4
12/06/2011 19:00:00,0.48
12/06/2011 20:00:00,0.46
12/06/2011 21:00:00,0.45
12/06/2011 22:00:00,0.5
12/06/2011 23:00:00,0.48
12/06/2011 00:00:00,0.41
12/07/2011 01:00:00,0.33
12/07/2011 02:00:00,0.28
12/07/2011 03:00:00,0.29
12/07/2011 04:00:00,0.3
12/07/2011 05:00:00,0.31
12/07/2011 06:00:00,0.28
12/07/2011 07:00:00,0.4
12/07/2011 08:00:00,0.29
12/07/2011 09:00:00,0.27
12/07/2011 10:00:00,0.33
12/07/2011 11:00:00,0.36
12/07/2011 12:00:00,1.82
12/07/2011 13:00:00,0.37
12/07/2011 14:00:00,0.29
12/07/2011 15:00:00,0.33
12/07/2011 16:00:00,0.39
12/07/2011 17:00:00,0.34
12/07/2011 18:00:00,0.43
12/07/2011 19:00:00,0.39
12/07/2011 20:00:00,0.37
12/07/2011 21:00:00,0.44
12/07/2011 22:00:00,0.43
12/07/2011 23:00:00,0.54
12/07/2011 00:00:00,0.4
12/08/2011 01:00:00,0.32
12/08/2011 02:00:00,0.3
12/08/2011 03:00:00,0.38
12/08/2011 04:00:00,0.31
12/08/2011 05:00:00,0.3
12/08/2011 06:00:00,0.29
12/08/2011 07:00:00,0.38
12/08/2011 08:00:00,0.28
12/08/2011 09:00:00,0.3
12/08/2011 10:00:00,0.34
12/08/2011 11:00:00,1.15
12/08/2011 12:00:00,1.36
12/08/2011 13:00:00,0.32
12/08/2011 14:00:00,0.27
12/08/2011 15:00:00,0.29
12/08/2011 16:00:00,0.4
12/08/2011 17:00:00,0.36
12/08/2011 18:00:00,0.43
12/08/2011 19:00:00,0.42
12/08/2011 20:00:00,0.31
12/08/2011 21:00:00,0.36
12/08/2011 22:00:00,0.41
12/08/2011 23:00:00,0.4
12/08/2011 00:00:00,0.32
12/09/2011 01:00:00,0.28
12/09/2011 02:00:00,0.27
12/09/2011 03:00:00,0.25
12/09/2011 04:00:00,0.29
12/09/2011 05:00:00,0.29
12/09/2011 06:00:00,0.26
12/09/2011 07:00:00,0.33
12/09/2011 08:00:00,0.34
12/09/2011 09:00:00,0.28
12/09/2011 10:00:00,0.4
12/09/2011 11:00:00,0.33
12/09/2011 12:00:00,0.39
12/09/2011 13:00:00,0.4
12/09/2011 14:00:00,0.27
12/09/2011 15:00:00,0.34
12/09/2011 16:00:00,0.42
12/09/2011 17:00:00,0.37
12/09/2011 18:00:00,0.32
12/09/2011 19:00:00,0.29
12/09/2011 20:00:00,0.34
12/09/2011 21:00:00,0.28
12/09/2011 22:00:00,0.29
12/09/2011 23:00:00,0.31
12/09/2011 00:00:00,0.3
12/10/2011 01:00:00,0.31
12/10/2011 02:00:00,0.27
12/10/2011 03:00:00,0.26
12/10/2011 04:00:00,0.28
12/10/2011 05:00:00,0.28
12/10/2011 06:00:00,0.27
12/10/2011 07:00:00,0.28
12/10/2011 08:00:00,0.38
12/10/2011 09:00:00,0.41
12/10/2011 10:00:00,0.47
12/10/2011 11:00:00,3.63
12/10/2011 12:00:00,0.42
12/10/2011 13:00:00,0.36
12/10/2011 14:00:00,0.47
12/10/2011 15:00:00,0.31
12/10/2011 16:00:00,0.3
12/10/2011 17:00:00,3.73
12/10/2011 18:00:00,0.59
12/10/2011 19:00:00,0.5
12/10/2011 20:00:00,0.32
12/10/2011 21:00:00,0.32
12/10/2011 22:00:00,0.32
12/10/2011 23:00:00,0.3
12/10/2011 00:00:00,0.32
12/11/2011 01:00:00,0.31
12/11/2011 02:00:00,0.28
12/11/2011 03:00:00,0.27
12/11/2011 04:00:00,0.37
12/11/2011 05:00:00,0.3
12/11/2011 06:00:00,0.28
12/11/2011 07:00:00,0.28
12/11/2011 08:00:00,0.3
12/11/2011 09:00:00,0.52
12/11/2011 10:00:00,0.52
12/11/2011 11:00:00,0.44
12/11/2011 12:00:00,0.36
12/11/2011 13:00:00,0.25
12/11/2011 14:00:00,0.28
12/11/2011 15:00:00,0.3
12/11/2011 16:00:00,0.4
12/11/2011 17:00:00,0.28
12/11/2011 18:00:00,0.37
12/11/2011 19:00:00,0.8
12/11/2011 20:00:00,0.68
12/11/2011 21:00:00,0.75
12/11/2011 22:00:00,0.67
12/11/2011 23:00:00,0.52
12/11/2011 00:00:00,0.39
12/12/2011 01:00:00,0.34
12/12/2011 02:00:00,0.28
12/12/2011 03:00:00,0.29
12/12/2011 04:00:00,0.28
12/12/2011 05:00:00,0.32
12/12/2011 06:00:00,0.28
12/12/2011 07:00:00,0.4
12/12/2011 08:00:00,0.35
12/12/2011 09:00:00,0.27
12/12/2011 10:00:00,3.33
12/12/2011 11:00:00,0.37
12/12/2011 12:00:00,0.36
12/12/2011 13:00:00,0.75
12/12/2011 14:00:00,0.35
12/12/2011 15:00:00,0.35
12/12/2011 16:00:00,0.35
12/12/2011 17:00:00,0.33
12/12/2011 18:00:00,0.31
12/12/2011 19:00:00,0.41
12/12/2011 20:00:00,0.89
12/12/2011 21:00:00,0.43
12/12/2011 22:00:00,0.54
12/12/2011 23:00:00,0.45
12/12/2011 00:00:00,0.44
12/13/2011 01:00:00,0.34
12/13/2011 02:00:00,0.27
12/13/2011 03:00:00,0.26
12/13/2011 04:00:00,0.32
12/13/2011 05:00:00,0.29
12/13/2011 06:00:00,0.28
12/13/2011 07:00:00,0.32
12/13/2011 08:00:00,0.33
12/13/2011 09:00:00,0.27
12/13/2011 10:00:00,0.32
12/13/2011 11:00:00,0.82
12/13/2011 12:00:00,1.46
12/13/2011 13:00:00,0.35
12/13/2011 14:00:00,0.27
12/13/2011 15:00:00,0.26
12/13/2011 16:00:00,0.35
12/13/2011 17:00:00,0.34
12/13/2011 18:00:00,0.46
12/13/2011 19:00:00,0.49
12/13/2011 20:00:00,0.4
12/13/2011 21:00:00,0.4
12/13/2011 22:00:00,0.5
12/13/2011 23:00:00,0.4
12/13/2011 00:00:00,0.39
12/14/2011 01:00:00,0.28
12/14/2011 02:00:00,0.29
12/14/2011 03:00:00,0.28
12/14/2011 04:00:00,0.28
12/14/2011 05:00:00,0.4
12/14/2011 06:00:00,0.31
12/14/2011 07:00:00,0.3
12/14/2011 08:00:00,0.33
12/14/2011 09:00:00,0.26
12/14/2011 10:00:00,0.32
12/14/2011 11:00:00,0.35
12/14/2011 12:00:00,0.53
12/14/2011 13:00:00,0.56
12/14/2011 14:00:00,0.33
12/14/2011 15:00:00,0.33
12/14/2011 16:00:00,0.39
12/14/2011 17:00:00,0.36
12/14/2011 18:00:00,0.45
12/14/2011 19:00:00,0.4
12/14/2011 20:00:00,0.48
12/14/2011 21:00:00,0.44
12/14/2011 22:00:00,0.56
12/14/2011 23:00:00,0.43
12/14/2011 00:00:00,0.37
12/15/2011 01:00:00,0.3
12/15/2011 02:00:00,0.27
12/15/2011 03:00:00,0.27
12/15/2011 04:00:00,0.31
12/15/2011 05:00:00,0.29
12/15/2011 06:00:00,0.28
12/15/2011 07:00:00,0.3
12/15/2011 08:00:00,0.33
12/15/2011 09:00:00,0.28
12/15/2011 10:00:00,0.34
12/15/2011 11:00:00,0.39
12/15/2011 12:00:00,0.47
12/15/2011 13:00:00,0.47
12/15/2011 14:00:00,0.37
12/15/2011 15:00:00,0.32
12/15/2011 16:00:00,0.38
12/15/2011 17:00:00,0.47
12/15/2011 18:00:00,0.62
12/15/2011 19:00:00,0.54
12/15/2011 20:00:00,0.37
12/15/2011 21:00:00,0.48
12/15/2011 22:00:00,0.45
12/15/2011 23:00:00,0.4
12/15/2011 00:00:00,0.39
12/16/2011 01:00:00,0.32
12/16/2011 02:00:00,0.27
12/16/2011 03:00:00,0.28
12/16/2011 04:00:00,0.3
12/16/2011 05:00:00,0.29
12/16/2011 06:00:00,0.28
12/16/2011 07:00:00,0.32
12/16/2011 08:00:00,0.33
12/16/2011 09:00:00,0.36
12/16/2011 10:00:00,0.37
12/16/2011 11:00:00,0.33
12/16/2011 12:00:00,0.35
12/16/2011 13:00:00,0.39
12/16/2011 14:00:00,0.4
12/16/2011 15:00:00,0.34
12/16/2011 16:00:00,0.25
12/16/2011 17:00:00,0.38
12/16/2011 18:00:00,0.31
12/16/2011 19:00:00,0.28
12/16/2011 20:00:00,0.34
12/16/2011 21:00:00,0.32
12/16/2011 22:00:00,0.41
12/16/2011 23:00:00,0.35
12/16/2011 00:00:00,0.32
12/17/2011 01:00:00,0.28
12/17/2011 02:00:00,0.29
12/17/2011 03:00:00,0.31
12/17/2011 04:00:00,0.29
12/17/2011 05:00:00,0.31
12/17/2011 06:00:00,0.29
12/17/2011 07:00:00,0.26
12/17/2011 08:00:00,0.38
12/17/2011 09:00:00,0.37
12/17/2011 10:00:00,0.34
12/17/2011 11:00:00,0.41
12/17/2011 12:00:00,0.3
12/17/2011 13:00:00,0.28
12/17/2011 14:00:00,0.28
12/17/2011 15:00:00,0.48
12/17/2011 16:00:00,0.43
12/17/2011 17:00:00,1.29
12/17/2011 18:00:00,3.74
12/17/2011 19:00:00,0.48
12/17/2011 20:00:00,0.29
12/17/2011 21:00:00,0.28
12/17/2011 22:00:00,0.3
12/17/2011 23:00:00,0.27
12/17/2011 00:00:00,0.3
12/18/2011 01:00:00,0.29
12/18/2011 02:00:00,0.31
12/18/2011 03:00:00,0.29
12/18/2011 04:00:00,0.27
12/18/2011 05:00:00,0.29
12/18/2011 06:00:00,0.26
12/18/2011 07:00:00,0.27
12/18/2011 08:00:00,0.72
12/18/2011 09:00:00,0.68
12/18/2011 10:00:00,0.53
12/18/2011 11:00:00,0.4
12/18/2011 12:00:00,1.47
12/18/2011 13:00:00,0.83
12/18/2011 14:00:00,0.59
12/18/2011 15:00:00,0.62
12/18/2011 16:00:00,0.61
12/18/2011 17:00:00,0.67
12/18/2011 18:00:00,0.94
12/18/2011 19:00:00,0.78
12/18/2011 20:00:00,3.35
12/18/2011 21:00:00,0.44
12/18/2011 22:00:00,0.42
12/18/2011 23:00:00,0.39
12/18/2011 00:00:00,0.39
12/19/2011 01:00:00,0.31
12/19/2011 02:00:00,0.28
12/19/2011 03:00:00,0.28
12/19/2011 04:00:00,0.31
12/19/2011 05:00:00,0.3
12/19/2011 06:00:00,0.29
12/19/2011 07:00:00,0.3
12/19/2011 08:00:00,0.32
12/19/2011 09:00:00,0.26
12/19/2011 10:00:00,0.35
12/19/2011 11:00:00,0.35
12/19/2011 12:00:00,1.56
12/19/2011 13:00:00,0.81
12/19/2011 14:00:00,0.35
12/19/2011 15:00:00,0.37
12/19/2011 16:00:00,0.43
12/19/2011 17:00:00,0.37
12/19/2011 18:00:00,0.29
12/19/2011 19:00:00,0.31
12/19/2011 20:00:00,0.67
12/19/2011 21:00:00,1.27
12/19/2011 22:00:00,1.08
12/19/2011 23:00:00,0.46
12/19/2011 00:00:00,0.35
12/20/2011 01:00:00,0.31
12/20/2011 02:00:00,0.29
12/20/2011 03:00:00,0.28
12/20/2011 04:00:00,0.3
12/20/2011 05:00:00,0.42
12/20/2011 06:00:00,0.38
12/20/2011 07:00:00,0.28
12/20/2011 08:00:00,0.28
12/20/2011 09:00:00,0.31
12/20/2011 10:00:00,0.38
12/20/2011 11:00:00,0.4
12/20/2011 12:00:00,0.34
12/20/2011 13:00:00,0.38
12/20/2011 14:00:00,0.29
12/20/2011 15:00:00,0.25
12/20/2011 16:00:00,0.35
12/20/2011 17:00:00,0.38
12/20/2011 18:00:00,0.59
12/20/2011 19:00:00,0.5
12/20/2011 20:00:00,0.5
12/20/2011 21:00:00,0.47
12/20/2011 22:00:00,0.42
12/20/2011 23:00:00,0.41
12/20/2011 00:00:00,0.41
12/21/2011 01:00:00,0.33
12/21/2011 02:00:00,0.3
12/21/2011 03:00:00,0.29
12/21/2011 04:00:00,0.29
12/21/2011 05:00:00,0.31
12/21/2011 06:00:00,0.28
12/21/2011 07:00:00,0.29
12/21/2011 08:00:00,0.4
12/21/2011 09:00:00,0.29
12/21/2011 10:00:00,0.39
12/21/2011 11:00:00,0.39
12/21/2011 12:00:00,1.82
12/21/2011 13:00:00,0.58
12/21/2011 14:00:00,0.3
12/21/2011 15:00:00,0.26
12/21/2011 16:00:00,0.42
12/21/2011 17:00:00,0.37
12/21/2011 18:00:00,0.31
12/21/2011 19:00:00,0.29
12/21/2011 20:00:00,0.28
12/21/2011 21:00:00,0.3
12/21/2011 22:00:00,0.27
12/21/2011 23:00:00,0.28
12/21/2011 00:00:00,0.28
12/22/2011 01:00:00,0.27
12/22/2011 02:00:00,0.3
12/22/2011 03:00:00,0.25
12/22/2011 04:00:00,0.29
12/22/2011 05:00:00,0.26
12/22/2011 06:00:00,0.26
12/22/2011 07:00:00,0.27
12/22/2011 08:00:00,0.29
12/22/2011 09:00:00,0.29
12/22/2011 10:00:00,0.35
12/22/2011 11:00:00,0.34
12/22/2011 12:00:00,0.35
12/22/2011 13:00:00,0.38
12/22/2011 14:00:00,0.34
12/22/2011 15:00:00,0.26
12/22/2011 16:00:00,0.33
12/22/2011 17:00:00,0.34
12/22/2011 18:00:00,0.35
12/22/2011 19:00:00,0.46
12/22/2011 20:00:00,0.38
12/22/2011 21:00:00,0.46
12/22/2011 22:00:00,1.64
12/22/2011 23:00:00,0.43
12/22/2011 00:00:00,0.42
12/23/2011 01:00:00,0.31
12/23/2011 02:00:00,0.31
12/23/2011 03:00:00,0.28
12/23/2011 04:00:00,0.38
12/23/2011 05:00:00,0.32
12/23/2011 06:00:00,0.28
12/23/2011 07:00:00,0.3
12/23/2011 08:00:00,0.37
12/23/2011 09:00:00,0.27
12/23/2011 10:00:00,0.36
12/23/2011 11:00:00,0.34
12/23/2011 12:00:00,0.32
12/23/2011 13:00:00,0.51
12/23/2011 14:00:00,0.33
12/23/2011 15:00:00,0.31
12/23/2011 16:00:00,0.38
12/23/2011 17:00:00,0.56
12/23/2011 18:00:00,0.89
12/23/2011 19:00:00,0.74
12/23/2011 20:00:00,0.68
12/23/2011 21:00:00,0.67
12/23/2011 22:00:00,1.04
12/23/2011 23:00:00,3.23
12/23/2011 00:00:00,1.4
12/24/2011 01:00:00,0.32
12/24/2011 02:00:00,0.29
12/24/2011 03:00:00,0.29
12/24/2011 04:00:00,0.3
12/24/2011 05:00:00,0.32
12/24/2011 06:00:00,0.28
12/24/2011 07:00:00,0.31
12/24/2011 08:00:00,0.29
12/24/2011 09:00:00,0.3
12/24/2011 10:00:00,0.35
12/24/2011 11:00:00,0.42
12/24/2011 12:00:00,0.27
12/24/2011 13:00:00,0.47
12/24/2011 14:00:00,3.66
12/24/2011 15:00:00,0.53
12/24/2011 16:00:00,1.45
12/24/2011 17:00:00,1
12/24/2011 18:00:00,0.66
12/24/2011 19:00:00,1.59
12/24/2011 20:00:00,2.09
12/24/2011 21:00:00,0.79
12/24/2011 22:00:00,0.66
12/24/2011 23:00:00,0.63
12/24/2011 00:00:00,0.71
12/25/2011 01:00:00,0.46
12/25/2011 02:00:00,0.31
12/25/2011 03:00:00,0.29
12/25/2011 04:00:00,0.32
12/25/2011 05:00:00,0.32
12/25/2011 06:00:00,0.29
12/25/2011 07:00:00,0.3
12/25/2011 08:00:00,0.3
12/25/2011 09:00:00,0.29
12/25/2011 10:00:00,0.37
12/25/2011 11:00:00,0.73
12/25/2011 12:00:00,0.4
12/25/2011 13:00:00,0.31
12/25/2011 14:00:00,0.27
12/25/2011 15:00:00,0.26
12/25/2011 16:00:00,0.28
12/25/2011 17:00:00,0.26
12/25/2011 18:00:00,0.27
12/25/2011 19:00:00,0.27
12/25/2011 20:00:00,0.28
12/25/2011 21:00:00,0.27
12/25/2011 22:00:00,0.28
12/25/2011 23:00:00,0.34
12/25/2011 00:00:00,0.42
12/26/2011 01:00:00,0.4
12/26/2011 02:00:00,0.31
12/26/2011 03:00:00,0.28
12/26/2011 04:00:00,0.3
12/26/2011 05:00:00,0.31
12/26/2011 06:00:00,0.28
12/26/2011 07:00:00,0.29
12/26/2011 08:00:00,0.28
12/26/2011 09:00:00,0.35
12/26/2011 10:00:00,0.87
12/26/2011 11:00:00,0.5
12/26/2011 12:00:00,0.62
12/26/2011 13:00:00,3.84
12/26/2011 14:00:00,1.6
12/26/2011 15:00:00,3
12/26/2011 16:00:00,0.27
12/26/2011 17:00:00,0.55
12/26/2011 18:00:00,0.67
12/26/2011 19:00:00,0.6
12/26/2011 20:00:00,0.48
12/26/2011 21:00:00,0.42
12/26/2011 22:00:00,0.59
12/26/2011 23:00:00,0.43
12/26/2011 00:00:00,0.44
12/27/2011 01:00:00,0.41
12/27/2011 02:00:00,0.35
12/27/2011 03:00:00,0.28
12/27/2011 04:00:00,0.31
12/27/2011 05:00:00,0.3
12/27/2011 06:00:00,0.32
12/27/2011 07:00:00,0.12
12/27/2011 08:00:00,0.12
12/27/2011 09:00:00,0.13
12/27/2011 10:00:00,0.16
12/27/2011 11:00:00,0.33
12/27/2011 12:00:00,0.27
12/27/2011 13:00:00,0.28
12/27/2011 14:00:00,0.31
12/27/2011 15:00:00,0.43
12/27/2011 16:00:00,0.37
12/27/2011 17:00:00,0.5
12/27/2011 18:00:00,1.2
12/27/2011 19:00:00,1.8
12/27/2011 20:00:00,0.46
12/27/2011 21:00:00,1.9
12/27/2011 22:00:00,0.77
12/27/2011 23:00:00,0.44
12/27/2011 00:00:00,0.46
12/28/2011 01:00:00,0.44
12/28/2011 02:00:00,0.38
12/28/2011 03:00:00,0.28
12/28/2011 04:00:00,0.28
12/28/2011 05:00:00,0.31
12/28/2011 06:00:00,0.26
12/28/2011 07:00:00,0.3
12/28/2011 08:00:00,0.36
12/28/2011 09:00:00,0.31
12/28/2011 10:00:00,1.47
12/28/2011 11:00:00,0.6
12/28/2011 12:00:00,0.35
12/28/2011 13:00:00,0.32
12/28/2011 14:00:00,0.34
12/28/2011 15:00:00,0.32
12/28/2011 16:00:00,0.33
12/28/2011 17:00:00,0.46
12/28/2011 18:00:00,0.31
12/28/2011 19:00:00,0.42
12/28/2011 20:00:00,0.33
12/28/2011 21:00:00,0.31
12/28/2011 22:00:00,0.32
12/28/2011 23:00:00,0.31
12/28/2011 00:00:00,0.38
12/29/2011 01:00:00,0.45
12/29/2011 02:00:00,0.31
12/29/2011 03:00:00,0.29
12/29/2011 04:00:00,0.3
12/29/2011 05:00:00,0.29
12/29/2011 06:00:00,0.29
12/29/2011 07:00:00,0.28
12/29/2011 08:00:00,0.3
12/29/2011 09:00:00,0.31
12/29/2011 10:00:00,0.32
12/29/2011 11:00:00,0.76
12/29/2011 12:00:00,0.84
12/29/2011 13:00:00,0.7
12/29/2011 14:00:00,0.65
12/29/2011 15:00:00,0.71
12/29/2011 16:00:00,0.74
12/29/2011 17:00:00,0.66
12/29/2011 18:00:00,0.7
12/29/2011 19:00:00,0.76
12/29/2011 20:00:00,0.66
12/29/2011 21:00:00,0.64
12/29/2011 22:00:00,0.63
12/29/2011 23:00:00,0.44
12/29/2011 00:00:00,0.36
12/30/2011 01:00:00,0.31
12/30/2011 02:00:00,0.31
12/30/2011 03:00:00,0.28
12/30/2011 04:00:00,0.26
12/30/2011 05:00:00,0.29
12/30/2011 06:00:00,0.28
12/30/2011 07:00:00,0.27
12/30/2011 08:00:00,0.27
12/30/2011 09:00:00,0.32
12/30/2011 10:00:00,0.5
12/30/2011 11:00:00,0.31
12/30/2011 12:00:00,0.26
12/30/2011 13:00:00,0.55
12/30/2011 14:00:00,0.37
12/30/2011 15:00:00,0.34
12/30/2011 16:00:00,0.66
12/30/2011 17:00:00,0.58
12/30/2011 18:00:00,0.44
12/30/2011 19:00:00,0.78
12/30/2011 20:00:00,0.55
12/30/2011 21:00:00,0.58
12/30/2011 22:00:00,0.47
12/30/2011 23:00:00,0.51
12/30/2011 00:00:00,0.53
12/31/2011 01:00:00,0.42
12/31/2011 02:00:00,0.32
12/31/2011 03:00:00,0.29
12/31/2011 04:00:00,0.29
12/31/2011 05:00:00,0.31
12/31/2011 06:00:00,0.29
12/31/2011 07:00:00,0.27
12/31/2011 08:00:00,0.29
12/31/2011 09:00:00,0.31
12/31/2011 10:00:00,0.37
12/31/2011 11:00:00,0.46
12/31/2011 12:00:00,0.26
12/31/2011 13:00:00,0.27
12/31/2011 14:00:00,1.99
12/31/2011 15:00:00,0.49
12/31/2011 16:00:00,0.48
12/31/2011 17:00:00,0.43
12/31/2011 18:00:00,1.04
12/31/2011 19:00:00,2.37
12/31/2011 20:00:00,0.34
12/31/2011 21:00:00,0.32
12/31/2011 22:00:00,0.29
12/31/2011 23:00:00,0.29
12/31/2011 00:00:00,0.31
01/01/2012 01:00:00,0.29
01/01/2012 02:00:00,0.35
01/01/2012 03:00:00,0.3
01/01/2012 04:00:00,0.29
01/01/2012 05:00:00,0.29
01/01/2012 06:00:00,0.3
01/01/2012 07:00:00,0.27
01/01/2012 08:00:00,0.28
01/01/2012 09:00:00,0.29
01/01/2012 10:00:00,0.52
01/01/2012 11:00:00,0.7
01/01/2012 12:00:00,0.7
01/01/2012 13:00:00,0.7
01/01/2012 14:00:00,0.83
01/01/2012 15:00:00,0.63
01/01/2012 16:00:00,0.43
01/01/2012 17:00:00,0.3
01/01/2012 18:00:00,0.77
01/01/2012 19:00:00,0.67
01/01/2012 20:00:00,0.59
01/01/2012 21:00:00,0.42
01/01/2012 22:00:00,0.49
01/01/2012 23:00:00,2.84
01/01/2012 00:00:00,0.4
01/02/2012 01:00:00,0.35
01/02/2012 02:00:00,0.29
01/02/2012 03:00:00,0.29
01/02/2012 04:00:00,0.31
01/02/2012 05:00:00,0.3
01/02/2012 06:00:00,0.3
01/02/2012 07:00:00,0.51
01/02/2012 08:00:00,0.48
01/02/2012 09:00:00,0.4
01/02/2012 10:00:00,0.4
01/02/2012 11:00:00,0.32
01/02/2012 12:00:00,0.3
01/02/2012 13:00:00,0.29
01/02/2012 14:00:00,0.5
01/02/2012 15:00:00,0.36
01/02/2012 16:00:00,0.34
01/02/2012 17:00:00,0.36
01/02/2012 18:00:00,1.88
01/02/2012 19:00:00,0.61
01/02/2012 20:00:00,0.49
01/02/2012 21:00:00,0.51
01/02/2012 22:00:00,0.52
01/02/2012 23:00:00,0.49
01/02/2012 00:00:00,0.46
01/03/2012 01:00:00,0.38
01/03/2012 02:00:00,0.32
01/03/2012 03:00:00,0.31
01/03/2012 04:00:00,0.3
01/03/2012 05:00:00,0.35
01/03/2012 06:00:00,0.3
01/03/2012 07:00:00,0.31
01/03/2012 08:00:00,0.4
01/03/2012 09:00:00,0.29
01/03/2012 10:00:00,0.34
01/03/2012 11:00:00,0.51
01/03/2012 12:00:00,0.43
01/03/2012 13:00:00,0.37
01/03/2012 14:00:00,0.29
01/03/2012 15:00:00,0.27
01/03/2012 16:00:00,0.29
01/03/2012 17:00:00,0.27
01/03/2012 18:00:00,0.45
01/03/2012 19:00:00,0.44
01/03/2012 20:00:00,0.52
01/03/2012 21:00:00,0.61
01/03/2012 22:00:00,0.56
01/03/2012 23:00:00,0.42
01/03/2012 00:00:00,0.41
01/04/2012 01:00:00,0.27
01/04/2012 02:00:00,0.28
01/04/2012 03:00:00,0.27
01/04/2012 04:00:00,0.3
01/04/2012 05:00:00,0.39
01/04/2012 06:00:00,0.3
01/04/2012 07:00:00,0.42
01/04/2012 08:00:00,0.44
01/04/2012 09:00:00,0.27
01/04/2012 10:00:00,0.5
01/04/2012 11:00:00,0.4
01/04/2012 12:00:00,0.51
01/04/2012 13:00:00,0.45
01/04/2012 14:00:00,0.28
01/04/2012 15:00:00,0.34
01/04/2012 16:00:00,0.36
01/04/2012 17:00:00,0.32
01/04/2012 18:00:00,0.56
01/04/2012 19:00:00,0.29
01/04/2012 20:00:00,0.3
01/04/2012 21:00:00,0.45
01/04/2012 22:00:00,0.65
01/04/2012 23:00:00,0.6
01/04/2012 00:00:00,0.44
01/05/2012 01:00:00,0.37
01/05/2012 02:00:00,0.41
01/05/2012 03:00:00,0.31
01/05/2012 04:00:00,0.3
01/05/2012 05:00:00,0.32
01/05/2012 06:00:00,0.31
01/05/2012 07:00:00,0.31
01/05/2012 08:00:00,0.3
01/05/2012 09:00:00,0.32
01/05/2012 10:00:00,0.48
01/05/2012 11:00:00,1.2
01/05/2012 12:00:00,1.01
01/05/2012 13:00:00,0.45
01/05/2012 14:00:00,0.43
01/05/2012 15:00:00,0.53
01/05/2012 16:00:00,0.45
01/05/2012 17:00:00,0.37
01/05/2012 18:00:00,0.47
01/05/2012 19:00:00,0.46
01/05/2012 20:00:00,0.47
01/05/2012 21:00:00,0.46
01/05/2012 22:00:00,0.45
01/05/2012 23:00:00,0.47
01/05/2012 00:00:00,0.45
01/06/2012 01:00:00,0.34
01/06/2012 02:00:00,0.3
01/06/2012 03:00:00,0.29
01/06/2012 04:00:00,0.32
01/06/2012 05:00:00,0.31
01/06/2012 06:00:00,0.3
01/06/2012 07:00:00,0.31
01/06/2012 08:00:00,0.41
01/06/2012 09:00:00,0.31
01/06/2012 10:00:00,0.38
01/06/2012 11:00:00,0.36
01/06/2012 12:00:00,0.39
01/06/2012 13:00:00,0.36
01/06/2012 14:00:00,0.31
01/06/2012 15:00:00,0.33
01/06/2012 16:00:00,0.45
01/06/2012 17:00:00,0.36
01/06/2012 18:00:00,0.3
01/06/2012 19:00:00,0.29
01/06/2012 20:00:00,0.4
01/06/2012 21:00:00,0.38
01/06/2012 22:00:00,0.48
01/06/2012 23:00:00,0.44
01/06/2012 00:00:00,0.45
01/07/2012 01:00:00,0.35
01/07/2012 02:00:00,0.31
01/07/2012 03:00:00,0.3
01/07/2012 04:00:00,0.31
01/07/2012 05:00:00,0.32
01/07/2012 06:00:00,0.3
01/07/2012 07:00:00,0.3
01/07/2012 08:00:00,0.29
01/07/2012 09:00:00,0.38
01/07/2012 10:00:00,0.5
01/07/2012 11:00:00,0.42
01/07/2012 12:00:00,0.28
01/07/2012 13:00:00,0.49
01/07/2012 14:00:00,0.43
01/07/2012 15:00:00,0.57
01/07/2012 16:00:00,3.71
01/07/2012 17:00:00,2.2
01/07/2012 18:00:00,0.56
01/07/2012 19:00:00,0.4
01/07/2012 20:00:00,0.59
01/07/2012 21:00:00,0.32
01/07/2012 22:00:00,0.33
01/07/2012 23:00:00,0.29
01/07/2012 00:00:00,0.32
01/08/2012 01:00:00,0.31
01/08/2012 02:00:00,0.32
01/08/2012 03:00:00,0.27
01/08/2012 04:00:00,0.29
01/08/2012 05:00:00,0.38
01/08/2012 06:00:00,0.27
01/08/2012 07:00:00,0.27
01/08/2012 08:00:00,0.26
01/08/2012 09:00:00,0.3
01/08/2012 10:00:00,0.28
01/08/2012 11:00:00,0.3
01/08/2012 12:00:00,0.51
01/08/2012 13:00:00,3.91
01/08/2012 14:00:00,0.54
01/08/2012 15:00:00,0.4
01/08/2012 16:00:00,0.4
01/08/2012 17:00:00,0.33
01/08/2012 18:00:00,0.35
01/08/2012 19:00:00,0.37
01/08/2012 20:00:00,0.36
01/08/2012 21:00:00,1.17
01/08/2012 22:00:00,3.66
01/08/2012 23:00:00,0.5
01/08/2012 00:00:00,0.52
01/09/2012 01:00:00,0.36
01/09/2012 02:00:00,0.31
01/09/2012 03:00:00,0.25
01/09/2012 04:00:00,0.28
01/09/2012 05:00:00,0.27
01/09/2012 06:00:00,0.27
01/09/2012 07:00:00,0.29
01/09/2012 08:00:00,0.37
01/09/2012 09:00:00,0.3
01/09/2012 10:00:00,0.32
01/09/2012 11:00:00,0.38
01/09/2012 12:00:00,0.54
01/09/2012 13:00:00,0.29
01/09/2012 14:00:00,0.26
01/09/2012 15:00:00,0.34
01/09/2012 16:00:00,0.34
01/09/2012 17:00:00,0.35
01/09/2012 18:00:00,0.36
01/09/2012 19:00:00,0.45
01/09/2012 20:00:00,0.51
01/09/2012 21:00:00,0.54
01/09/2012 22:00:00,0.45
01/09/2012 23:00:00,0.43
01/09/2012 00:00:00,0.44
01/10/2012 01:00:00,0.29
01/10/2012 02:00:00,0.3
01/10/2012 03:00:00,0.24
01/10/2012 04:00:00,0.28
01/10/2012 05:00:00,0.28
01/10/2012 06:00:00,0.27
01/10/2012 07:00:00,0.37
01/10/2012 08:00:00,0.26
01/10/2012 09:00:00,0.29
01/10/2012 10:00:00,0.48
01/10/2012 11:00:00,0.46
01/10/2012 12:00:00,0.43
01/10/2012 13:00:00,0.39
01/10/2012 14:00:00,0.26
01/10/2012 15:00:00,0.27
01/10/2012 16:00:00,0.29
01/10/2012 17:00:00,0.35
01/10/2012 18:00:00,0.58
01/10/2012 19:00:00,0.63
01/10/2012 20:00:00,0.49
01/10/2012 21:00:00,0.51
01/10/2012 22:00:00,0.48
01/10/2012 23:00:00,0.47
01/10/2012 00:00:00,0.38
01/11/2012 01:00:00,0.34
01/11/2012 02:00:00,0.32
01/11/2012 03:00:00,0.29
01/11/2012 04:00:00,0.33
01/11/2012 05:00:00,0.33
01/11/2012 06:00:00,0.3
01/11/2012 07:00:00,0.42
01/11/2012 08:00:00,0.31
01/11/2012 09:00:00,0.39
01/11/2012 10:00:00,0.47
01/11/2012 11:00:00,0.41
01/11/2012 12:00:00,0.42
01/11/2012 13:00:00,0.41
01/11/2012 14:00:00,0.33
01/11/2012 15:00:00,0.32
01/11/2012 16:00:00,0.28
01/11/2012 17:00:00,0.35
01/11/2012 18:00:00,0.63
01/11/2012 19:00:00,0.46
01/11/2012 20:00:00,0.59
01/11/2012 21:00:00,0.54
01/11/2012 22:00:00,0.64
01/11/2012 23:00:00,0.54
01/11/2012 00:00:00,0.4
01/12/2012 01:00:00,0.32
01/12/2012 02:00:00,0.29
01/12/2012 03:00:00,0.3
01/12/2012 04:00:00,0.29
01/12/2012 05:00:00,0.32
01/12/2012 06:00:00,0.28
01/12/2012 07:00:00,0.33
01/12/2012 08:00:00,0.32
01/12/2012 09:00:00,0.34
01/12/2012 10:00:00,0.39
01/12/2012 11:00:00,0.36
01/12/2012 12:00:00,0.63
01/12/2012 13:00:00,0.61
01/12/2012 14:00:00,0.33
01/12/2012 15:00:00,0.32
01/12/2012 16:00:00,0.36
01/12/2012 17:00:00,0.37
01/12/2012 18:00:00,0.49
01/12/2012 19:00:00,0.43
01/12/2012 20:00:00,0.52
01/12/2012 21:00:00,0.49
01/12/2012 22:00:00,0.42
01/12/2012 23:00:00,0.49
01/12/2012 00:00:00,0.47
01/13/2012 01:00:00,0.38
01/13/2012 02:00:00,0.34
01/13/2012 03:00:00,0.3
01/13/2012 04:00:00,0.34
01/13/2012 05:00:00,0.33
01/13/2012 06:00:00,0.3
01/13/2012 07:00:00,0.32
01/13/2012 08:00:00,0.4
01/13/2012 09:00:00,0.28
01/13/2012 10:00:00,0.43
01/13/2012 11:00:00,0.37
01/13/2012 12:00:00,0.38
01/13/2012 13:00:00,0.41
01/13/2012 14:00:00,0.33
01/13/2012 15:00:00,0.28
01/13/2012 16:00:00,0.35
01/13/2012 17:00:00,0.36
01/13/2012 18:00:00,0.29
01/13/2012 19:00:00,0.27
01/13/2012 20:00:00,0.35
01/13/2012 21:00:00,0.32
01/13/2012 22:00:00,0.32
01/13/2012 23:00:00,0.31
01/13/2012 00:00:00,0.3
01/14/2012 01:00:00,0.32
01/14/2012 02:00:00,0.33
01/14/2012 03:00:00,0.3
01/14/2012 04:00:00,0.28
01/14/2012 05:00:00,0.3
01/14/2012 06:00:00,0.28
01/14/2012 07:00:00,0.29
01/14/2012 08:00:00,0.28
01/14/2012 09:00:00,0.34
01/14/2012 10:00:00,0.45
01/14/2012 11:00:00,0.8
01/14/2012 12:00:00,0.32
01/14/2012 13:00:00,0.3
01/14/2012 14:00:00,0.48
01/14/2012 15:00:00,0.32
01/14/2012 16:00:00,0.3
01/14/2012 17:00:00,0.35
01/14/2012 18:00:00,0.32
01/14/2012 19:00:00,0.31
01/14/2012 20:00:00,0.46
01/14/2012 21:00:00,0.37
01/14/2012 22:00:00,0.33
01/14/2012 23:00:00,0.35
01/14/2012 00:00:00,0.33
01/15/2012 01:00:00,0.44
01/15/2012 02:00:00,0.47
01/15/2012 03:00:00,0.38
01/15/2012 04:00:00,0.32
01/15/2012 05:00:00,0.36
01/15/2012 06:00:00,0.34
01/15/2012 07:00:00,0.35
01/15/2012 08:00:00,0.32
01/15/2012 09:00:00,1.72
01/15/2012 10:00:00,4.21
01/15/2012 11:00:00,0.48
01/15/2012 12:00:00,0.27
01/15/2012 13:00:00,0.27
01/15/2012 14:00:00,0.27
01/15/2012 15:00:00,0.27
01/15/2012 16:00:00,0.27
01/15/2012 17:00:00,0.26
01/15/2012 18:00:00,0.27
01/15/2012 19:00:00,0.27
01/15/2012 20:00:00,0.26
01/15/2012 21:00:00,0.29
01/15/2012 22:00:00,3.7
01/15/2012 23:00:00,1.94
01/15/2012 00:00:00,0.44
01/16/2012 01:00:00,0.33
01/16/2012 02:00:00,0.3
01/16/2012 03:00:00,0.31
01/16/2012 04:00:00,0.3
01/16/2012 05:00:00,0.38
01/16/2012 06:00:00,0.3
01/16/2012 07:00:00,0.32
01/16/2012 08:00:00,0.38
01/16/2012 09:00:00,0.28
01/16/2012 10:00:00,0.39
01/16/2012 11:00:00,0.36
01/16/2012 12:00:00,0.44
01/16/2012 13:00:00,0.5
01/16/2012 14:00:00,0.29
01/16/2012 15:00:00,0.29
01/16/2012 16:00:00,0.37
01/16/2012 17:00:00,0.41
01/16/2012 18:00:00,0.33
01/16/2012 19:00:00,0.36
01/16/2012 20:00:00,0.38
01/16/2012 21:00:00,0.46
01/16/2012 22:00:00,0.41
01/16/2012 23:00:00,0.46
01/16/2012 00:00:00,0.38
01/17/2012 01:00:00,0.33
01/17/2012 02:00:00,0.3
01/17/2012 03:00:00,0.27
01/17/2012 04:00:00,0.3
01/17/2012 05:00:00,0.29
01/17/2012 06:00:00,0.29
01/17/2012 07:00:00,0.29
01/17/2012 08:00:00,0.37
01/17/2012 09:00:00,0.27
01/17/2012 10:00:00,0.38
01/17/2012 11:00:00,1.16
01/17/2012 12:00:00,2.02
01/17/2012 13:00:00,0.35
01/17/2012 14:00:00,0.31
01/17/2012 15:00:00,0.32
01/17/2012 16:00:00,0.26
01/17/2012 17:00:00,0.3
01/17/2012 18:00:00,0.35
01/17/2012 19:00:00,0.46
01/17/2012 20:00:00,0.46
01/17/2012 21:00:00,0.55
01/17/2012 22:00:00,0.44
01/17/2012 23:00:00,0.42
01/17/2012 00:00:00,0.38
01/18/2012 01:00:00,0.32
01/18/2012 02:00:00,0.29
01/18/2012 03:00:00,0.27
01/18/2012 04:00:00,0.31
01/18/2012 05:00:00,0.31
01/18/2012 06:00:00,0.29
01/18/2012 07:00:00,0.37
01/18/2012 08:00:00,0.3
01/18/2012 09:00:00,0.27
01/18/2012 10:00:00,0.49
01/18/2012 11:00:00,0.38
01/18/2012 12:00:00,0.35
01/18/2012 13:00:00,0.37
01/18/2012 14:00:00,0.27
01/18/2012 15:00:00,0.27
01/18/2012 16:00:00,0.26
01/18/2012 17:00:00,0.3
01/18/2012 18:00:00,0.44
01/18/2012 19:00:00,0.33
01/18/2012 20:00:00,0.34
01/18/2012 21:00:00,0.59
01/18/2012 22:00:00,0.47
01/18/2012 23:00:00,0.49
01/18/2012 00:00:00,0.53
01/19/2012 01:00:00,0.32
01/19/2012 02:00:00,0.28
01/19/2012 03:00:00,0.27
01/19/2012 04:00:00,0.28
01/19/2012 05:00:00,0.29
01/19/2012 06:00:00,0.26
01/19/2012 07:00:00,0.3
01/19/2012 08:00:00,0.36
01/19/2012 09:00:00,0.38
01/19/2012 10:00:00,0.36
01/19/2012 11:00:00,0.42
01/19/2012 12:00:00,0.51
01/19/2012 13:00:00,0.39
01/19/2012 14:00:00,0.43
01/19/2012 15:00:00,0.38
01/19/2012 16:00:00,0.34
01/19/2012 17:00:00,0.48
01/19/2012 18:00:00,0.34
01/19/2012 19:00:00,0.48
01/19/2012 20:00:00,0.46
01/19/2012 21:00:00,0.45
01/19/2012 22:00:00,0.49
01/19/2012 23:00:00,0.47
01/19/2012 00:00:00,0.58
01/20/2012 01:00:00,0.35
01/20/2012 02:00:00,0.31
01/20/2012 03:00:00,0.3
01/20/2012 04:00:00,0.35
01/20/2012 05:00:00,0.37
01/20/2012 06:00:00,0.31
01/20/2012 07:00:00,0.65
01/20/2012 08:00:00,2.02
01/20/2012 09:00:00,0.36
01/20/2012 10:00:00,0.32
01/20/2012 11:00:00,0.36
01/20/2012 12:00:00,0.7
01/20/2012 13:00:00,0.37
01/20/2012 14:00:00,0.4
01/20/2012 15:00:00,0.37
01/20/2012 16:00:00,0.39
01/20/2012 17:00:00,0.34
01/20/2012 18:00:00,0.26
01/20/2012 19:00:00,0.28
01/20/2012 20:00:00,0.37
01/20/2012 21:00:00,0.31
01/20/2012 22:00:00,0.31
01/20/2012 23:00:00,0.3
01/20/2012 00:00:00,0.31
01/21/2012 01:00:00,0.32
01/21/2012 02:00:00,0.29
01/21/2012 03:00:00,0.28
01/21/2012 04:00:00,0.28
01/21/2012 05:00:00,0.3
01/21/2012 06:00:00,0.27
01/21/2012 07:00:00,0.27
01/21/2012 08:00:00,0.28
01/21/2012 09:00:00,0.34
01/21/2012 10:00:00,0.42
01/21/2012 11:00:00,0.37
01/21/2012 12:00:00,0.32
01/21/2012 13:00:00,0.39
01/21/2012 14:00:00,0.44
01/21/2012 15:00:00,0.48
01/21/2012 16:00:00,3.92
01/21/2012 17:00:00,0.4
01/21/2012 18:00:00,0.43
01/21/2012 19:00:00,0.75
01/21/2012 20:00:00,0.31
01/21/2012 21:00:00,0.33
01/21/2012 22:00:00,0.31
01/21/2012 23:00:00,0.31
01/21/2012 00:00:00,0.4
01/22/2012 01:00:00,0.37
01/22/2012 02:00:00,0.38
01/22/2012 03:00:00,0.3
01/22/2012 04:00:00,0.34
01/22/2012 05:00:00,0.37
01/22/2012 06:00:00,0.42
01/22/2012 07:00:00,0.3
01/22/2012 08:00:00,0.32
01/22/2012 09:00:00,0.31
01/22/2012 10:00:00,0.42
01/22/2012 11:00:00,0.42
01/22/2012 12:00:00,0.33
01/22/2012 13:00:00,0.28
01/22/2012 14:00:00,0.3
01/22/2012 15:00:00,0.27
01/22/2012 16:00:00,0.3
01/22/2012 17:00:00,0.27
01/22/2012 18:00:00,0.29
01/22/2012 19:00:00,0.28
01/22/2012 20:00:00,0.65
01/22/2012 21:00:00,0.71
01/22/2012 22:00:00,0.72
01/22/2012 23:00:00,4.68
01/22/2012 00:00:00,0.62
01/23/2012 01:00:00,0.36
01/23/2012 02:00:00,0.3
01/23/2012 03:00:00,0.27
01/23/2012 04:00:00,0.27
01/23/2012 05:00:00,0.32
01/23/2012 06:00:00,0.27
01/23/2012 07:00:00,0.4
01/23/2012 08:00:00,0.31
01/23/2012 09:00:00,0.26
01/23/2012 10:00:00,0.35
01/23/2012 11:00:00,0.38
01/23/2012 12:00:00,0.35
01/23/2012 13:00:00,0.38
01/23/2012 14:00:00,0.27
01/23/2012 15:00:00,0.26
01/23/2012 16:00:00,0.4
01/23/2012 17:00:00,0.33
01/23/2012 18:00:00,0.55
01/23/2012 19:00:00,0.42
01/23/2012 20:00:00,0.38
01/23/2012 21:00:00,0.76
01/23/2012 22:00:00,0.59
01/23/2012 23:00:00,0.46
01/23/2012 00:00:00,0.4
01/24/2012 01:00:00,0.35
01/24/2012 02:00:00,0.27
01/24/2012 03:00:00,0.3
01/24/2012 04:00:00,0.29
01/24/2012 05:00:00,0.31
01/24/2012 06:00:00,0.31
01/24/2012 07:00:00,0.28
01/24/2012 08:00:00,0.38
01/24/2012 09:00:00,0.3
01/24/2012 10:00:00,0.34
01/24/2012 11:00:00,0.4
01/24/2012 12:00:00,1.88
01/24/2012 13:00:00,0.4
01/24/2012 14:00:00,0.27
01/24/2012 15:00:00,0.28
01/24/2012 16:00:00,0.28
01/24/2012 17:00:00,0.25
01/24/2012 18:00:00,0.79
01/24/2012 19:00:00,0.45
01/24/2012 20:00:00,0.5
01/24/2012 21:00:00,0.53
01/24/2012 22:00:00,0.42
01/24/2012 23:00:00,0.44
01/24/2012 00:00:00,0.42
01/25/2012 01:00:00,0.34
01/25/2012 02:00:00,0.31
01/25/2012 03:00:00,0.28
01/25/2012 04:00:00,0.31
01/25/2012 05:00:00,0.4
01/25/2012 06:00:00,0.28
01/25/2012 07:00:00,0.4
01/25/2012 08:00:00,0.32
01/25/2012 09:00:00,0.31
01/25/2012 10:00:00,0.37
01/25/2012 11:00:00,1.19
01/25/2012 12:00:00,0.39
01/25/2012 13:00:00,0.3
01/25/2012 14:00:00,0.27
01/25/2012 15:00:00,0.28
01/25/2012 16:00:00,0.26
01/25/2012 17:00:00,0.39
01/25/2012 18:00:00,0.42
01/25/2012 19:00:00,0.3
01/25/2012 20:00:00,0.34
01/25/2012 21:00:00,0.66
01/25/2012 22:00:00,0.43
01/25/2012 23:00:00,0.45
01/25/2012 00:00:00,0.48
01/26/2012 01:00:00,0.29
01/26/2012 02:00:00,0.27
01/26/2012 03:00:00,0.26
01/26/2012 04:00:00,0.3
01/26/2012 05:00:00,0.27
01/26/2012 06:00:00,0.28
01/26/2012 07:00:00,0.3
01/26/2012 08:00:00,0.35
01/26/2012 09:00:00,0.33
01/26/2012 10:00:00,0.35
01/26/2012 11:00:00,0.36
01/26/2012 12:00:00,0.39
01/26/2012 13:00:00,0.34
01/26/2012 14:00:00,0.29
01/26/2012 15:00:00,0.28
01/26/2012 16:00:00,0.43
01/26/2012 17:00:00,0.48
01/26/2012 18:00:00,0.41
01/26/2012 19:00:00,0.69
01/26/2012 20:00:00,0.38
01/26/2012 21:00:00,0.36
01/26/2012 22:00:00,0.38
01/26/2012 23:00:00,0.45
01/26/2012 00:00:00,0.39
01/27/2012 01:00:00,0.32
01/27/2012 02:00:00,0.3
01/27/2012 03:00:00,0.29
01/27/2012 04:00:00,0.33
01/27/2012 05:00:00,0.31
01/27/2012 06:00:00,0.31
01/27/2012 07:00:00,0.28
01/27/2012 08:00:00,0.42
01/27/2012 09:00:00,0.25
01/27/2012 10:00:00,0.39
01/27/2012 11:00:00,0.34
01/27/2012 12:00:00,0.55
01/27/2012 13:00:00,0.31
01/27/2012 14:00:00,0.37
01/27/2012 15:00:00,0.34
01/27/2012 16:00:00,0.39
01/27/2012 17:00:00,0.29
01/27/2012 18:00:00,0.28
01/27/2012 19:00:00,0.25
01/27/2012 20:00:00,0.36
01/27/2012 21:00:00,0.34
01/27/2012 22:00:00,0.33
01/27/2012 23:00:00,0.34
01/27/2012 00:00:00,0.35
01/28/2012 01:00:00,0.38
01/28/2012 02:00:00,0.34
01/28/2012 03:00:00,0.34
01/28/2012 04:00:00,0.28
01/28/2012 05:00:00,0.31
01/28/2012 06:00:00,0.34
01/28/2012 07:00:00,0.33
01/28/2012 08:00:00,0.32
01/28/2012 09:00:00,0.51
01/28/2012 10:00:00,0.38
01/28/2012 11:00:00,0.34
01/28/2012 12:00:00,0.31
01/28/2012 13:00:00,0.34
01/28/2012 14:00:00,0.5
01/28/2012 15:00:00,1.52
01/28/2012 16:00:00,3.88
01/28/2012 17:00:00,0.84
01/28/2012 18:00:00,0.43
01/28/2012 19:00:00,0.36
01/28/2012 20:00:00,0.37
01/28/2012 21:00:00,0.29
01/28/2012 22:00:00,0.3
01/28/2012 23:00:00,0.28
01/28/2012 00:00:00,0.3
01/29/2012 01:00:00,0.28
01/29/2012 02:00:00,0.3
01/29/2012 03:00:00,0.28
01/29/2012 04:00:00,0.28
01/29/2012 05:00:00,0.31
01/29/2012 06:00:00,0.27
01/29/2012 07:00:00,0.29
01/29/2012 08:00:00,0.26
01/29/2012 09:00:00,0.28
01/29/2012 10:00:00,0.3
01/29/2012 11:00:00,0.52
01/29/2012 12:00:00,0.42
01/29/2012 13:00:00,0.6
01/29/2012 14:00:00,0.36
01/29/2012 15:00:00,0.36
01/29/2012 16:00:00,0.38
01/29/2012 17:00:00,0.36
01/29/2012 18:00:00,0.35
01/29/2012 19:00:00,0.39
01/29/2012 20:00:00,0.39
01/29/2012 21:00:00,0.37
01/29/2012 22:00:00,1.68
01/29/2012 23:00:00,2.92
01/29/2012 00:00:00,0.52
01/30/2012 01:00:00,0.58
01/30/2012 02:00:00,0.28
01/30/2012 03:00:00,0.27
01/30/2012 04:00:00,0.27
01/30/2012 05:00:00,0.29
01/30/2012 06:00:00,0.27
01/30/2012 07:00:00,0.32
01/30/2012 08:00:00,0.38
01/30/2012 09:00:00,0.37
01/30/2012 10:00:00,0.38
01/30/2012 11:00:00,0.35
01/30/2012 12:00:00,0.8
01/30/2012 13:00:00,0.32
01/30/2012 14:00:00,0.28
01/30/2012 15:00:00,0.31
01/30/2012 16:00:00,0.26
01/30/2012 17:00:00,0.27
01/30/2012 18:00:00,0.26
01/30/2012 19:00:00,0.27
01/30/2012 20:00:00,0.27
01/30/2012 21:00:00,0.53
01/30/2012 22:00:00,0.46
01/30/2012 23:00:00,0.5
01/30/2012 00:00:00,0.45
01/31/2012 01:00:00,0.32
01/31/2012 02:00:00,0.29
01/31/2012 03:00:00,0.24
01/31/2012 04:00:00,0.29
01/31/2012 05:00:00,0.3
01/31/2012 06:00:00,0.25
01/31/2012 07:00:00,0.39
01/31/2012 08:00:00,0.41
01/31/2012 09:00:00,0.47
01/31/2012 10:00:00,0.37
01/31/2012 11:00:00,0.36
01/31/2012 12:00:00,0.37
01/31/2012 13:00:00,0.37
01/31/2012 14:00:00,0.31
01/31/2012 15:00:00,0.28
01/31/2012 16:00:00,0.25
01/31/2012 17:00:00,0.25
01/31/2012 18:00:00,0.37
01/31/2012 19:00:00,0.38
01/31/2012 20:00:00,0.28
01/31/2012 21:00:00,0.42
01/31/2012 22:00:00,0.61
01/31/2012 23:00:00,0.51
01/31/2012 00:00:00,0.42
02/01/2012 01:00:00,0.39
02/01/2012 02:00:00,0.31
02/01/2012 03:00:00,0.28
02/01/2012 04:00:00,0.3
02/01/2012 05:00:00,0.29
02/01/2012 06:00:00,0.27
02/01/2012 07:00:00,0.29
02/01/2012 08:00:00,0.39
02/01/2012 09:00:00,0.26
02/01/2012 10:00:00,0.33
02/01/2012 11:00:00,0.34
02/01/2012 12:00:00,0.26
02/01/2012 13:00:00,0.26
02/01/2012 14:00:00,0.27
02/01/2012 15:00:00,0.25
02/01/2012 16:00:00,0.34
02/01/2012 17:00:00,0.35
02/01/2012 18:00:00,0.37
02/01/2012 19:00:00,0.38
02/01/2012 20:00:00,0.4
02/01/2012 21:00:00,0.41
02/01/2012 22:00:00,0.56
02/01/2012 23:00:00,0.53
02/01/2012 00:00:00,0.49
02/02/2012 01:00:00,0.41
02/02/2012 02:00:00,0.29
02/02/2012 03:00:00,0.26
02/02/2012 04:00:00,0.27
02/02/2012 05:00:00,0.27
02/02/2012 06:00:00,0.28
02/02/2012 07:00:00,0.28
02/02/2012 08:00:00,0.34
02/02/2012 09:00:00,0.26
02/02/2012 10:00:00,0.53
02/02/2012 11:00:00,0.7
02/02/2012 12:00:00,1.37
02/02/2012 13:00:00,0.42
02/02/2012 14:00:00,0.31
02/02/2012 15:00:00,0.32
02/02/2012 16:00:00,0.29
02/02/2012 17:00:00,0.4
02/02/2012 18:00:00,0.35
02/02/2012 19:00:00,0.34
02/02/2012 20:00:00,0.34
02/02/2012 21:00:00,0.32
02/02/2012 22:00:00,0.32
02/02/2012 23:00:00,0.41
02/02/2012 00:00:00,0.52
02/03/2012 01:00:00,0.35
02/03/2012 02:00:00,0.3
02/03/2012 03:00:00,0.28
02/03/2012 04:00:00,0.3
02/03/2012 05:00:00,0.31
02/03/2012 06:00:00,0.29
02/03/2012 07:00:00,0.28
02/03/2012 08:00:00,0.39
02/03/2012 09:00:00,0.28
02/03/2012 10:00:00,0.45
02/03/2012 11:00:00,0.37
02/03/2012 12:00:00,0.3
02/03/2012 13:00:00,0.39
02/03/2012 14:00:00,0.24
02/03/2012 15:00:00,0.28
02/03/2012 16:00:00,0.25
02/03/2012 17:00:00,0.3
02/03/2012 18:00:00,0.29
02/03/2012 19:00:00,0.32
02/03/2012 20:00:00,0.49
02/03/2012 21:00:00,0.29
02/03/2012 22:00:00,0.4
02/03/2012 23:00:00,0.49
02/03/2012 00:00:00,0.42
02/04/2012 01:00:00,0.34
02/04/2012 02:00:00,0.33
02/04/2012 03:00:00,0.35
02/04/2012 04:00:00,0.34
02/04/2012 05:00:00,0.31
02/04/2012 06:00:00,0.32
02/04/2012 07:00:00,0.29
02/04/2012 08:00:00,0.31
02/04/2012 09:00:00,0.29
02/04/2012 10:00:00,0.43
02/04/2012 11:00:00,0.39
02/04/2012 12:00:00,0.42
02/04/2012 13:00:00,0.49
02/04/2012 14:00:00,0.51
02/04/2012 15:00:00,0.53
02/04/2012 16:00:00,0.48
02/04/2012 17:00:00,0.45
02/04/2012 18:00:00,0.46
02/04/2012 19:00:00,0.53
02/04/2012 20:00:00,0.47
02/04/2012 21:00:00,0.47
02/04/2012 22:00:00,0.49
02/04/2012 23:00:00,0.51
02/04/2012 00:00:00,0.51
02/05/2012 01:00:00,0.37
02/05/2012 02:00:00,0.27
02/05/2012 03:00:00,0.29
02/05/2012 04:00:00,0.27
02/05/2012 05:00:00,0.31
02/05/2012 06:00:00,0.27
02/05/2012 07:00:00,0.27
02/05/2012 08:00:00,0.29
02/05/2012 09:00:00,0.27
02/05/2012 10:00:00,0.42
02/05/2012 11:00:00,0.44
02/05/2012 12:00:00,0.5
02/05/2012 13:00:00,3.58
02/05/2012 14:00:00,3.05
02/05/2012 15:00:00,0.37
02/05/2012 16:00:00,0.31
02/05/2012 17:00:00,0.27
02/05/2012 18:00:00,0.52
02/05/2012 19:00:00,0.76
02/05/2012 20:00:00,0.68
02/05/2012 21:00:00,1.06
02/05/2012 22:00:00,3.4
02/05/2012 23:00:00,0.41
02/05/2012 00:00:00,0.34
02/06/2012 01:00:00,0.31
02/06/2012 02:00:00,0.33
02/06/2012 03:00:00,0.29
02/06/2012 04:00:00,0.31
02/06/2012 05:00:00,0.32
02/06/2012 06:00:00,0.31
02/06/2012 07:00:00,0.37
02/06/2012 08:00:00,0.36
02/06/2012 09:00:00,0.28
02/06/2012 10:00:00,0.37
02/06/2012 11:00:00,0.38
02/06/2012 12:00:00,0.3
02/06/2012 13:00:00,0.27
02/06/2012 14:00:00,0.33
02/06/2012 15:00:00,0.31
02/06/2012 16:00:00,0.25
02/06/2012 17:00:00,0.27
02/06/2012 18:00:00,0.27
02/06/2012 19:00:00,0.5
02/06/2012 20:00:00,0.55
02/06/2012 21:00:00,0.46
02/06/2012 22:00:00,0.62
02/06/2012 23:00:00,0.4
02/06/2012 00:00:00,0.3
02/07/2012 01:00:00,0.32
02/07/2012 02:00:00,0.32
02/07/2012 03:00:00,0.29
02/07/2012 04:00:00,0.3
02/07/2012 05:00:00,0.3
02/07/2012 06:00:00,0.31
02/07/2012 07:00:00,0.31
02/07/2012 08:00:00,0.39
02/07/2012 09:00:00,0.29
02/07/2012 10:00:00,0.3
02/07/2012 11:00:00,0.36
02/07/2012 12:00:00,1.56
02/07/2012 13:00:00,0.37
02/07/2012 14:00:00,0.28
02/07/2012 15:00:00,0.29
02/07/2012 16:00:00,0.26
02/07/2012 17:00:00,0.29
02/07/2012 18:00:00,0.36
02/07/2012 19:00:00,0.47
02/07/2012 20:00:00,0.52
02/07/2012 21:00:00,0.52
02/07/2012 22:00:00,0.45
02/07/2012 23:00:00,0.56
02/07/2012 00:00:00,0.45
02/08/2012 01:00:00,0.4
02/08/2012 02:00:00,0.36
02/08/2012 03:00:00,0.32
02/08/2012 04:00:00,0.33
02/08/2012 05:00:00,0.33
02/08/2012 06:00:00,0.33
02/08/2012 07:00:00,0.35
02/08/2012 08:00:00,0.42
02/08/2012 09:00:00,0.27
02/08/2012 10:00:00,0.36
02/08/2012 11:00:00,0.36
02/08/2012 12:00:00,0.73
02/08/2012 13:00:00,0.49
02/08/2012 14:00:00,0.27
02/08/2012 15:00:00,0.31
02/08/2012 16:00:00,0.37
02/08/2012 17:00:00,0.38
02/08/2012 18:00:00,0.44
02/08/2012 19:00:00,0.47
02/08/2012 20:00:00,0.4
02/08/2012 21:00:00,0.47
02/08/2012 22:00:00,0.5
02/08/2012 23:00:00,0.48
02/08/2012 00:00:00,0.47
02/09/2012 01:00:00,0.4
02/09/2012 02:00:00,0.33
02/09/2012 03:00:00,0.3
02/09/2012 04:00:00,0.31
02/09/2012 05:00:00,0.32
02/09/2012 06:00:00,0.31
02/09/2012 07:00:00,0.31
02/09/2012 08:00:00,0.41
02/09/2012 09:00:00,0.52
02/09/2012 10:00:00,0.37
02/09/2012 11:00:00,0.34
02/09/2012 12:00:00,0.37
02/09/2012 13:00:00,0.34
02/09/2012 14:00:00,0.33
02/09/2012 15:00:00,0.35
02/09/2012 16:00:00,0.32
02/09/2012 17:00:00,0.38
02/09/2012 18:00:00,0.38
02/09/2012 19:00:00,0.46
02/09/2012 20:00:00,0.5
02/09/2012 21:00:00,0.5
02/09/2012 22:00:00,0.46
02/09/2012 23:00:00,0.43
02/09/2012 00:00:00,0.44
02/10/2012 01:00:00,0.35
02/10/2012 02:00:00,0.33
02/10/2012 03:00:00,0.3
02/10/2012 04:00:00,0.31
02/10/2012 05:00:00,0.31
02/10/2012 06:00:00,0.29
02/10/2012 07:00:00,0.31
02/10/2012 08:00:00,0.38
02/10/2012 09:00:00,0.31
02/10/2012 10:00:00,0.35
02/10/2012 11:00:00,0.96
02/10/2012 12:00:00,1.38
02/10/2012 13:00:00,0.44
02/10/2012 14:00:00,0.35
02/10/2012 15:00:00,0.33
02/10/2012 16:00:00,0.36
02/10/2012 17:00:00,0.39
02/10/2012 18:00:00,0.31
02/10/2012 19:00:00,0.29
02/10/2012 20:00:00,0.32
02/10/2012 21:00:00,0.3
02/10/2012 22:00:00,0.31
02/10/2012 23:00:00,0.4
02/10/2012 00:00:00,0.36
02/11/2012 01:00:00,0.32
02/11/2012 02:00:00,0.29
02/11/2012 03:00:00,0.29
02/11/2012 04:00:00,0.31
02/11/2012 05:00:00,0.31
02/11/2012 06:00:00,0.36
02/11/2012 07:00:00,0.29
02/11/2012 08:00:00,0.29
02/11/2012 09:00:00,0.28
02/11/2012 10:00:00,0.35
02/11/2012 11:00:00,0.73
02/11/2012 12:00:00,0.37
02/11/2012 13:00:00,0.52
02/11/2012 14:00:00,0.35
02/11/2012 15:00:00,0.33
02/11/2012 16:00:00,0.38
02/11/2012 17:00:00,0.48
02/11/2012 18:00:00,0.37
02/11/2012 19:00:00,0.34
02/11/2012 20:00:00,0.46
02/11/2012 21:00:00,0.45
02/11/2012 22:00:00,0.41
02/11/2012 23:00:00,0.42
02/11/2012 00:00:00,0.41
02/12/2012 01:00:00,0.35
02/12/2012 02:00:00,0.34
02/12/2012 03:00:00,0.32
02/12/2012 04:00:00,0.31
02/12/2012 05:00:00,0.33
02/12/2012 06:00:00,0.31
02/12/2012 07:00:00,0.3
02/12/2012 08:00:00,0.32
02/12/2012 09:00:00,0.35
02/12/2012 10:00:00,0.56
02/12/2012 11:00:00,0.83
02/12/2012 12:00:00,5.34
02/12/2012 13:00:00,3.92
02/12/2012 14:00:00,1.88
02/12/2012 15:00:00,1.14
02/12/2012 16:00:00,0.95
02/12/2012 17:00:00,0.44
02/12/2012 18:00:00,0.33
02/12/2012 19:00:00,0.3
02/12/2012 20:00:00,0.29
02/12/2012 21:00:00,0.3
02/12/2012 22:00:00,0.3
02/12/2012 23:00:00,0.54
02/12/2012 00:00:00,0.33
02/13/2012 01:00:00,0.31
02/13/2012 02:00:00,0.3
02/13/2012 03:00:00,0.3
02/13/2012 04:00:00,0.31
02/13/2012 05:00:00,0.32
02/13/2012 06:00:00,0.3
02/13/2012 07:00:00,0.29
02/13/2012 08:00:00,0.47
02/13/2012 09:00:00,1.02
02/13/2012 10:00:00,1.13
02/13/2012 11:00:00,0.41
02/13/2012 12:00:00,0.38
02/13/2012 13:00:00,0.34
02/13/2012 14:00:00,0.32
02/13/2012 15:00:00,0.4
02/13/2012 16:00:00,0.36
02/13/2012 17:00:00,0.35
02/13/2012 18:00:00,0.29
02/13/2012 19:00:00,0.37
02/13/2012 20:00:00,0.29
02/13/2012 21:00:00,0.54
02/13/2012 22:00:00,0.48
02/13/2012 23:00:00,0.56
02/13/2012 00:00:00,0.49
02/14/2012 01:00:00,0.38
02/14/2012 02:00:00,0.27
02/14/2012 03:00:00,0.29
02/14/2012 04:00:00,0.37
02/14/2012 05:00:00,0.34
02/14/2012 06:00:00,0.31
02/14/2012 07:00:00,0.4
02/14/2012 08:00:00,0.29
02/14/2012 09:00:00,0.39
02/14/2012 10:00:00,0.35
02/14/2012 11:00:00,0.39
02/14/2012 12:00:00,0.36
02/14/2012 13:00:00,0.31
02/14/2012 14:00:00,0.35
02/14/2012 15:00:00,0.36
02/14/2012 16:00:00,0.34
02/14/2012 17:00:00,0.39
02/14/2012 18:00:00,0.45
02/14/2012 19:00:00,0.45
02/14/2012 20:00:00,0.62
02/14/2012 21:00:00,0.5
02/14/2012 22:00:00,0.56
02/14/2012 23:00:00,0.48
02/14/2012 00:00:00,0.48
02/15/2012 01:00:00,0.35
02/15/2012 02:00:00,0.31
02/15/2012 03:00:00,0.29
02/15/2012 04:00:00,0.3
02/15/2012 05:00:00,0.31
02/15/2012 06:00:00,0.29
02/15/2012 07:00:00,0.41
02/15/2012 08:00:00,0.27
02/15/2012 09:00:00,0.26
02/15/2012 10:00:00,0.37
02/15/2012 11:00:00,0.32
02/15/2012 12:00:00,0.35
02/15/2012 13:00:00,0.32
02/15/2012 14:00:00,0.25
02/15/2012 15:00:00,0.3
02/15/2012 16:00:00,0.31
02/15/2012 17:00:00,0.46
02/15/2012 18:00:00,0.35
02/15/2012 19:00:00,0.87
02/15/2012 20:00:00,0.57
02/15/2012 21:00:00,0.55
02/15/2012 22:00:00,0.52
02/15/2012 23:00:00,0.47
02/15/2012 00:00:00,0.57
02/16/2012 01:00:00,0.5
02/16/2012 02:00:00,0.34
02/16/2012 03:00:00,0.3
02/16/2012 04:00:00,0.31
02/16/2012 05:00:00,0.31
02/16/2012 06:00:00,0.29
02/16/2012 07:00:00,0.3
02/16/2012 08:00:00,0.39
02/16/2012 09:00:00,0.27
02/16/2012 10:00:00,0.36
02/16/2012 11:00:00,0.38
02/16/2012 12:00:00,0.36
02/16/2012 13:00:00,0.4
02/16/2012 14:00:00,0.35
02/16/2012 15:00:00,0.43
02/16/2012 16:00:00,0.48
02/16/2012 17:00:00,1.2
02/16/2012 18:00:00,1.6
02/16/2012 19:00:00,0.33
02/16/2012 20:00:00,0.3
02/16/2012 21:00:00,0.36
02/16/2012 22:00:00,0.46
02/16/2012 23:00:00,0.55
02/16/2012 00:00:00,0.63
02/17/2012 01:00:00,0.48
02/17/2012 02:00:00,0.31
02/17/2012 03:00:00,0.28
02/17/2012 04:00:00,0.3
02/17/2012 05:00:00,0.36
02/17/2012 06:00:00,0.33
02/17/2012 07:00:00,0.34
02/17/2012 08:00:00,0.28
02/17/2012 09:00:00,0.34
02/17/2012 10:00:00,0.39
02/17/2012 11:00:00,0.52
02/17/2012 12:00:00,2.21
02/17/2012 13:00:00,0.29
02/17/2012 14:00:00,0.28
02/17/2012 15:00:00,0.27
02/17/2012 16:00:00,0.27
02/17/2012 17:00:00,0.26
02/17/2012 18:00:00,0.26
02/17/2012 19:00:00,0.28
02/17/2012 20:00:00,0.27
02/17/2012 21:00:00,0.26
02/17/2012 22:00:00,0.28
02/17/2012 23:00:00,0.28
02/17/2012 00:00:00,0.26
02/18/2012 01:00:00,0.27
02/18/2012 02:00:00,0.27
02/18/2012 03:00:00,0.28
02/18/2012 04:00:00,0.29
02/18/2012 05:00:00,0.29
02/18/2012 06:00:00,0.29
02/18/2012 07:00:00,0.26
02/18/2012 08:00:00,0.27
02/18/2012 09:00:00,0.28
02/18/2012 10:00:00,0.28
02/18/2012 11:00:00,0.26
02/18/2012 12:00:00,0.28
02/18/2012 13:00:00,0.27
02/18/2012 14:00:00,0.27
02/18/2012 15:00:00,0.27
02/18/2012 16:00:00,0.29
02/18/2012 17:00:00,0.27
02/18/2012 18:00:00,0.27
02/18/2012 19:00:00,0.27
02/18/2012 20:00:00,0.28
02/18/2012 21:00:00,0.37
02/18/2012 22:00:00,0.27
02/18/2012 23:00:00,0.28
02/18/2012 00:00:00,0.27
02/19/2012 01:00:00,0.25
02/19/2012 02:00:00,0.29
02/19/2012 03:00:00,0.28
02/19/2012 04:00:00,0.28
02/19/2012 05:00:00,0.3
02/19/2012 06:00:00,0.28
02/19/2012 07:00:00,0.27
02/19/2012 08:00:00,0.3
02/19/2012 09:00:00,0.28
02/19/2012 10:00:00,0.27
02/19/2012 11:00:00,0.29
02/19/2012 12:00:00,0.28
02/19/2012 13:00:00,0.28
02/19/2012 14:00:00,0.27
02/19/2012 15:00:00,0.29
02/19/2012 16:00:00,0.27
02/19/2012 17:00:00,0.27
02/19/2012 18:00:00,0.28
02/19/2012 19:00:00,0.27
02/19/2012 20:00:00,0.28
02/19/2012 21:00:00,0.27
02/19/2012 22:00:00,0.28
02/19/2012 23:00:00,0.28
02/19/2012 00:00:00,0.26
02/20/2012 01:00:00,0.28
02/20/2012 02:00:00,0.29
02/20/2012 03:00:00,0.27
02/20/2012 04:00:00,0.3
02/20/2012 05:00:00,0.31
02/20/2012 06:00:00,0.27
02/20/2012 07:00:00,0.3
02/20/2012 08:00:00,0.28
02/20/2012 09:00:00,0.28
02/20/2012 10:00:00,0.28
02/20/2012 11:00:00,0.29
02/20/2012 12:00:00,0.28
02/20/2012 13:00:00,0.27
02/20/2012 14:00:00,0.34
02/20/2012 15:00:00,0.31
02/20/2012 16:00:00,0.25
02/20/2012 17:00:00,0.27
02/20/2012 18:00:00,0.28
02/20/2012 19:00:00,0.26
02/20/2012 20:00:00,0.27
02/20/2012 21:00:00,0.27
02/20/2012 22:00:00,0.29
02/20/2012 23:00:00,0.26
02/20/2012 00:00:00,0.27
02/21/2012 01:00:00,0.28
02/21/2012 02:00:00,0.26
02/21/2012 03:00:00,0.28
02/21/2012 04:00:00,0.3
02/21/2012 05:00:00,0.28
02/21/2012 06:00:00,0.28
02/21/2012 07:00:00,0.29
02/21/2012 08:00:00,0.27
02/21/2012 09:00:00,0.28
02/21/2012 10:00:00,0.29
02/21/2012 11:00:00,0.28
02/21/2012 12:00:00,0.28
02/21/2012 13:00:00,0.28
02/21/2012 14:00:00,0.28
02/21/2012 15:00:00,0.27
02/21/2012 16:00:00,0.31
02/21/2012 17:00:00,0.4
02/21/2012 18:00:00,0.48
02/21/2012 19:00:00,0.54
02/21/2012 20:00:00,0.45
02/21/2012 21:00:00,0.45
02/21/2012 22:00:00,0.48
02/21/2012 23:00:00,1.03
02/21/2012 00:00:00,3.4
02/22/2012 01:00:00,0.42
02/22/2012 02:00:00,0.31
02/22/2012 03:00:00,0.28
02/22/2012 04:00:00,0.32
02/22/2012 05:00:00,0.3
02/22/2012 06:00:00,0.37
02/22/2012 07:00:00,0.35
02/22/2012 08:00:00,0.34
02/22/2012 09:00:00,0.41
02/22/2012 10:00:00,0.42
02/22/2012 11:00:00,0.3
02/22/2012 12:00:00,0.3
02/22/2012 13:00:00,0.28
02/22/2012 14:00:00,0.26
02/22/2012 15:00:00,0.27
02/22/2012 16:00:00,0.28
02/22/2012 17:00:00,0.27
02/22/2012 18:00:00,0.27
02/22/2012 19:00:00,0.28
02/22/2012 20:00:00,0.49
02/22/2012 21:00:00,0.48
02/22/2012 22:00:00,0.43
02/22/2012 23:00:00,0.45
02/22/2012 00:00:00,0.37
02/23/2012 01:00:00,0.31
02/23/2012 02:00:00,0.29
02/23/2012 03:00:00,0.31
02/23/2012 04:00:00,0.3
02/23/2012 05:00:00,0.33
02/23/2012 06:00:00,0.3
02/23/2012 07:00:00,0.31
02/23/2012 08:00:00,0.29
02/23/2012 09:00:00,0.35
02/23/2012 10:00:00,0.33
02/23/2012 11:00:00,0.29
02/23/2012 12:00:00,0.26
02/23/2012 13:00:00,0.27
02/23/2012 14:00:00,0.26
02/23/2012 15:00:00,0.27
02/23/2012 16:00:00,0.27
02/23/2012 17:00:00,0.26
02/23/2012 18:00:00,0.28
02/23/2012 19:00:00,0.27
02/23/2012 20:00:00,0.39
02/23/2012 21:00:00,0.44
02/23/2012 22:00:00,0.42
02/23/2012 23:00:00,0.45
02/23/2012 00:00:00,0.45
02/24/2012 01:00:00,0.29
02/24/2012 02:00:00,0.31
02/24/2012 03:00:00,0.28
02/24/2012 04:00:00,0.32
02/24/2012 05:00:00,0.3
02/24/2012 06:00:00,0.3
02/24/2012 07:00:00,0.3
02/24/2012 08:00:00,0.35
02/24/2012 09:00:00,0.47
02/24/2012 10:00:00,0.4
02/24/2012 11:00:00,0.43
02/24/2012 12:00:00,0.67
02/24/2012 13:00:00,1.77
02/24/2012 14:00:00,1.39
02/24/2012 15:00:00,0.39
02/24/2012 16:00:00,0.39
02/24/2012 17:00:00,0.38
02/24/2012 18:00:00,0.33
02/24/2012 19:00:00,0.32
02/24/2012 20:00:00,1.43
02/24/2012 21:00:00,0.39
02/24/2012 22:00:00,0.43
02/24/2012 23:00:00,0.43
02/24/2012 00:00:00,0.37
02/25/2012 01:00:00,0.31
02/25/2012 02:00:00,0.3
02/25/2012 03:00:00,0.3
02/25/2012 04:00:00,0.33
02/25/2012 05:00:00,0.31
02/25/2012 06:00:00,0.31
02/25/2012 07:00:00,0.29
02/25/2012 08:00:00,0.27
02/25/2012 09:00:00,0.38
02/25/2012 10:00:00,0.43
02/25/2012 11:00:00,0.31
02/25/2012 12:00:00,0.3
02/25/2012 13:00:00,0.3
02/25/2012 14:00:00,0.29
02/25/2012 15:00:00,0.29
02/25/2012 16:00:00,0.3
02/25/2012 17:00:00,0.38
02/25/2012 18:00:00,0.46
02/25/2012 19:00:00,0.48
02/25/2012 20:00:00,0.42
02/25/2012 21:00:00,0.4
02/25/2012 22:00:00,0.44
02/25/2012 23:00:00,0.47
02/25/2012 00:00:00,0.39
02/26/2012 01:00:00,0.36
02/26/2012 02:00:00,0.35
02/26/2012 03:00:00,0.33
02/26/2012 04:00:00,0.35
02/26/2012 05:00:00,0.34
02/26/2012 06:00:00,0.29
02/26/2012 07:00:00,0.27
02/26/2012 08:00:00,0.28
02/26/2012 09:00:00,0.28
02/26/2012 10:00:00,0.37
02/26/2012 11:00:00,0.66
02/26/2012 12:00:00,0.48
02/26/2012 13:00:00,0.46
02/26/2012 14:00:00,0.42
02/26/2012 15:00:00,4.21
02/26/2012 16:00:00,2.87
02/26/2012 17:00:00,0.32
02/26/2012 18:00:00,0.31
02/26/2012 19:00:00,0.5
02/26/2012 20:00:00,0.32
02/26/2012 21:00:00,0.31
02/26/2012 22:00:00,0.31
02/26/2012 23:00:00,1.66
02/26/2012 00:00:00,2.59
02/27/2012 01:00:00,0.31
02/27/2012 02:00:00,0.29
02/27/2012 03:00:00,0.28
02/27/2012 04:00:00,0.3
02/27/2012 05:00:00,0.31
02/27/2012 06:00:00,0.28
02/27/2012 07:00:00,0.3
02/27/2012 08:00:00,0.45
02/27/2012 09:00:00,0.61
02/27/2012 10:00:00,0.57
02/27/2012 11:00:00,0.6
02/27/2012 12:00:00,1.65
02/27/2012 13:00:00,0.46
02/27/2012 14:00:00,0.46
02/27/2012 15:00:00,0.4
02/27/2012 16:00:00,0.36
02/27/2012 17:00:00,0.3
02/27/2012 18:00:00,0.35
02/27/2012 19:00:00,0.58
02/27/2012 20:00:00,0.5
02/27/2012 21:00:00,0.43
02/27/2012 22:00:00,0.42
02/27/2012 23:00:00,0.31
02/27/2012 00:00:00,0.28
02/28/2012 01:00:00,0.29
02/28/2012 02:00:00,0.28
02/28/2012 03:00:00,0.29
02/28/2012 04:00:00,0.29
02/28/2012 05:00:00,0.3
02/28/2012 06:00:00,0.39
02/28/2012 07:00:00,0.43
02/28/2012 08:00:00,0.53
02/28/2012 09:00:00,0.31
02/28/2012 10:00:00,0.37
02/28/2012 11:00:00,0.44
02/28/2012 12:00:00,0.43
02/28/2012 13:00:00,0.42
02/28/2012 14:00:00,0.39
02/28/2012 15:00:00,0.44
02/28/2012 16:00:00,0.39
02/28/2012 17:00:00,0.4
02/28/2012 18:00:00,0.48
02/28/2012 19:00:00,0.45
02/28/2012 20:00:00,0.51
02/28/2012 21:00:00,0.45
02/28/2012 22:00:00,0.55
02/28/2012 23:00:00,0.44
02/28/2012 00:00:00,0.32
02/29/2012 01:00:00,0.29
02/29/2012 02:00:00,0.29
02/29/2012 03:00:00,0.28
02/29/2012 04:00:00,0.31
02/29/2012 05:00:00,0.31
02/29/2012 06:00:00,0.31
02/29/2012 07:00:00,0.37
02/29/2012 08:00:00,0.43
02/29/2012 09:00:00,0.4
02/29/2012 10:00:00,0.4
02/29/2012 11:00:00,0.48
02/29/2012 12:00:00,1.69
02/29/2012 13:00:00,2.73
02/29/2012 14:00:00,0.35
02/29/2012 15:00:00,0.3
02/29/2012 16:00:00,0.41
02/29/2012 17:00:00,0.37
02/29/2012 18:00:00,0.34
02/29/2012 19:00:00,1.23
02/29/2012 20:00:00,0.45
02/29/2012 21:00:00,0.54
02/29/2012 22:00:00,0.67
02/29/2012 23:00:00,0.53
02/29/2012 00:00:00,0.34
03/01/2012 01:00:00,0.28
03/01/2012 02:00:00,0.3
03/01/2012 03:00:00,0.29
03/01/2012 04:00:00,0.31
03/01/2012 05:00:00,0.31
03/01/2012 06:00:00,0.28
03/01/2012 07:00:00,0.3
03/01/2012 08:00:00,0.43
03/01/2012 09:00:00,0.32
03/01/2012 10:00:00,0.32
03/01/2012 11:00:00,0.3
03/01/2012 12:00:00,0.56
03/01/2012 13:00:00,0.36
03/01/2012 14:00:00,0.39
03/01/2012 15:00:00,0.6
03/01/2012 16:00:00,0.42
03/01/2012 17:00:00,0.46
03/01/2012 18:00:00,0.38
03/01/2012 19:00:00,0.4
03/01/2012 20:00:00,0.56
03/01/2012 21:00:00,0.46
03/01/2012 22:00:00,0.43
03/01/2012 23:00:00,0.57
03/01/2012 00:00:00,0.39
03/02/2012 01:00:00,0.32
03/02/2012 02:00:00,0.31
03/02/2012 03:00:00,0.38
03/02/2012 04:00:00,0.36
03/02/2012 05:00:00,0.34
03/02/2012 06:00:00,0.33
03/02/2012 07:00:00,0.32
03/02/2012 08:00:00,0.4
03/02/2012 09:00:00,0.49
03/02/2012 10:00:00,0.34
03/02/2012 11:00:00,1.26
03/02/2012 12:00:00,0.82
03/02/2012 13:00:00,0.52
03/02/2012 14:00:00,0.4
03/02/2012 15:00:00,0.46
03/02/2012 16:00:00,0.51
03/02/2012 17:00:00,0.41
03/02/2012 18:00:00,0.47
03/02/2012 19:00:00,0.48
03/02/2012 20:00:00,0.46
03/02/2012 21:00:00,0.59
03/02/2012 22:00:00,0.44
03/02/2012 23:00:00,0.42
03/02/2012 00:00:00,0.39
03/03/2012 01:00:00,0.31
03/03/2012 02:00:00,0.28
03/03/2012 03:00:00,0.3
03/03/2012 04:00:00,0.3
03/03/2012 05:00:00,0.31
03/03/2012 06:00:00,0.31
03/03/2012 07:00:00,0.29
03/03/2012 08:00:00,0.3
03/03/2012 09:00:00,0.36
03/03/2012 10:00:00,0.44
03/03/2012 11:00:00,0.37
03/03/2012 12:00:00,0.45
03/03/2012 13:00:00,0.4
03/03/2012 14:00:00,0.35
03/03/2012 15:00:00,0.44
03/03/2012 16:00:00,0.37
03/03/2012 17:00:00,0.39
03/03/2012 18:00:00,0.43
03/03/2012 19:00:00,0.42
03/03/2012 20:00:00,0.41
03/03/2012 21:00:00,0.43
03/03/2012 22:00:00,0.36
03/03/2012 23:00:00,0.41
03/03/2012 00:00:00,0.44
03/04/2012 01:00:00,0.4
03/04/2012 02:00:00,0.31
03/04/2012 03:00:00,0.26
03/04/2012 04:00:00,0.32
03/04/2012 05:00:00,0.31
03/04/2012 06:00:00,0.29
03/04/2012 07:00:00,0.31
03/04/2012 08:00:00,0.3
03/04/2012 09:00:00,0.33
03/04/2012 10:00:00,0.31
03/04/2012 11:00:00,0.44
03/04/2012 12:00:00,0.61
03/04/2012 13:00:00,5.45
03/04/2012 14:00:00,1.15
03/04/2012 15:00:00,0.43
03/04/2012 16:00:00,0.34
03/04/2012 17:00:00,0.32
03/04/2012 18:00:00,0.34
03/04/2012 19:00:00,1.6
03/04/2012 20:00:00,0.83
03/04/2012 21:00:00,1.66
03/04/2012 22:00:00,3.53
03/04/2012 23:00:00,0.62
03/04/2012 00:00:00,0.45
03/05/2012 01:00:00,0.34
03/05/2012 02:00:00,0.28
03/05/2012 03:00:00,0.28
03/05/2012 04:00:00,0.29
03/05/2012 05:00:00,0.42
03/05/2012 06:00:00,0.32
03/05/2012 07:00:00,0.3
03/05/2012 08:00:00,0.4
03/05/2012 09:00:00,0.32
03/05/2012 10:00:00,0.33
03/05/2012 11:00:00,0.32
03/05/2012 12:00:00,0.61
03/05/2012 13:00:00,0.33
03/05/2012 14:00:00,0.28
03/05/2012 15:00:00,0.27
03/05/2012 16:00:00,0.31
03/05/2012 17:00:00,0.33
03/05/2012 18:00:00,0.27
03/05/2012 19:00:00,0.28
03/05/2012 20:00:00,0.28
03/05/2012 21:00:00,0.3
03/05/2012 22:00:00,0.35
03/05/2012 23:00:00,0.4
03/05/2012 00:00:00,0.43
03/06/2012 01:00:00,0.27
03/06/2012 02:00:00,0.27
03/06/2012 03:00:00,0.28
03/06/2012 04:00:00,0.28
03/06/2012 05:00:00,0.31
03/06/2012 06:00:00,0.28
03/06/2012 07:00:00,0.38
03/06/2012 08:00:00,0.45
03/06/2012 09:00:00,0.39
03/06/2012 10:00:00,0.43
03/06/2012 11:00:00,0.28
03/06/2012 12:00:00,0.27
03/06/2012 13:00:00,0.27
03/06/2012 14:00:00,0.27
03/06/2012 15:00:00,0.26
03/06/2012 16:00:00,0.28
03/06/2012 17:00:00,0.26
03/06/2012 18:00:00,0.26
03/06/2012 19:00:00,0.32
03/06/2012 20:00:00,0.3
03/06/2012 21:00:00,0.35
03/06/2012 22:00:00,0.43
03/06/2012 23:00:00,0.42
03/06/2012 00:00:00,0.42
03/07/2012 01:00:00,0.37
03/07/2012 02:00:00,0.28
03/07/2012 03:00:00,0.29
03/07/2012 04:00:00,0.31
03/07/2012 05:00:00,0.31
03/07/2012 06:00:00,0.28
03/07/2012 07:00:00,0.29
03/07/2012 08:00:00,0.29
03/07/2012 09:00:00,0.33
03/07/2012 10:00:00,0.41
03/07/2012 11:00:00,0.39
03/07/2012 12:00:00,1.71
03/07/2012 13:00:00,0.46
03/07/2012 14:00:00,0.31
03/07/2012 15:00:00,0.3
03/07/2012 16:00:00,0.34
03/07/2012 17:00:00,0.35
03/07/2012 18:00:00,0.28
03/07/2012 19:00:00,0.27
03/07/2012 20:00:00,0.28
03/07/2012 21:00:00,0.27
03/07/2012 22:00:00,0.28
03/07/2012 23:00:00,0.28
03/07/2012 00:00:00,0.3
03/08/2012 01:00:00,0.38
03/08/2012 02:00:00,0.32
03/08/2012 03:00:00,0.29
03/08/2012 04:00:00,0.3
03/08/2012 05:00:00,0.29
03/08/2012 06:00:00,0.28
03/08/2012 07:00:00,0.29
03/08/2012 08:00:00,0.3
03/08/2012 09:00:00,0.46
03/08/2012 10:00:00,0.35
03/08/2012 11:00:00,0.29
03/08/2012 12:00:00,0.29
03/08/2012 13:00:00,0.27
03/08/2012 14:00:00,0.7
03/08/2012 15:00:00,0.33
03/08/2012 16:00:00,0.4
03/08/2012 17:00:00,0.43
03/08/2012 18:00:00,0.39
03/08/2012 19:00:00,0.35
03/08/2012 20:00:00,0.34
03/08/2012 21:00:00,0.32
03/08/2012 22:00:00,0.35
03/08/2012 23:00:00,0.4
03/08/2012 00:00:00,0.42
03/09/2012 01:00:00,0.28
03/09/2012 02:00:00,0.27
03/09/2012 03:00:00,0.26
03/09/2012 04:00:00,0.28
03/09/2012 05:00:00,0.28
03/09/2012 06:00:00,0.28
03/09/2012 07:00:00,0.27
03/09/2012 08:00:00,0.39
03/09/2012 09:00:00,0.34
03/09/2012 10:00:00,0.35
03/09/2012 11:00:00,0.35
03/09/2012 12:00:00,0.52
03/09/2012 13:00:00,0.37
03/09/2012 14:00:00,0.35
03/09/2012 15:00:00,0.36
03/09/2012 16:00:00,0.32
03/09/2012 17:00:00,0.27
03/09/2012 18:00:00,0.3
03/09/2012 19:00:00,0.29
03/09/2012 20:00:00,0.39
03/09/2012 21:00:00,0.31
03/09/2012 22:00:00,0.38
03/09/2012 23:00:00,0.41
03/09/2012 00:00:00,0.38
03/10/2012 01:00:00,0.31
03/10/2012 02:00:00,0.29
03/10/2012 03:00:00,0.31
03/10/2012 04:00:00,0.3
03/10/2012 05:00:00,0.35
03/10/2012 06:00:00,0.29
03/10/2012 07:00:00,0.31
03/10/2012 08:00:00,0.49
03/10/2012 09:00:00,0.4
03/10/2012 10:00:00,0.32
03/10/2012 11:00:00,0.35
03/10/2012 12:00:00,0.36
03/10/2012 13:00:00,0.31
03/10/2012 14:00:00,0.34
03/10/2012 15:00:00,0.49
03/10/2012 16:00:00,0.35
03/10/2012 17:00:00,2.77
03/10/2012 18:00:00,4.41
03/10/2012 19:00:00,0.44
03/10/2012 20:00:00,0.34
03/10/2012 21:00:00,0.33
03/10/2012 22:00:00,0.34
03/10/2012 23:00:00,0.33
03/10/2012 00:00:00,0.34
03/11/2012 01:00:00,0.34
03/11/2012 03:00:00,0.32
03/11/2012 04:00:00,0.3
03/11/2012 05:00:00,0.28
03/11/2012 06:00:00,0.29
03/11/2012 07:00:00,0.28
03/11/2012 08:00:00,0.26
03/11/2012 09:00:00,0.28
03/11/2012 10:00:00,0.63
03/11/2012 11:00:00,0.49
03/11/2012 12:00:00,0.64
03/11/2012 13:00:00,3.72
03/11/2012 14:00:00,1.87
03/11/2012 15:00:00,0.43
03/11/2012 16:00:00,0.41
03/11/2012 17:00:00,0.44
03/11/2012 18:00:00,0.35
03/11/2012 19:00:00,0.32
03/11/2012 20:00:00,0.31
03/11/2012 21:00:00,0.43
03/11/2012 22:00:00,0.43
03/11/2012 23:00:00,0.42
03/11/2012 00:00:00,0.47
03/12/2012 01:00:00,0.52
03/12/2012 02:00:00,0.3
03/12/2012 03:00:00,0.3
03/12/2012 04:00:00,0.29
03/12/2012 05:00:00,0.29
03/12/2012 06:00:00,0.3
03/12/2012 07:00:00,0.29
03/12/2012 08:00:00,0.55
03/12/2012 09:00:00,0.4
03/12/2012 10:00:00,0.4
03/12/2012 11:00:00,0.62
03/12/2012 12:00:00,1.41
03/12/2012 13:00:00,1.93
03/12/2012 14:00:00,0.43
03/12/2012 15:00:00,0.38
03/12/2012 16:00:00,0.3
03/12/2012 17:00:00,0.31
03/12/2012 18:00:00,0.28
03/12/2012 19:00:00,0.36
03/12/2012 20:00:00,0.37
03/12/2012 21:00:00,0.54
03/12/2012 22:00:00,0.54
03/12/2012 23:00:00,0.42
03/12/2012 00:00:00,0.45
03/13/2012 01:00:00,0.34
03/13/2012 02:00:00,0.25
03/13/2012 03:00:00,0.26
03/13/2012 04:00:00,0.27
03/13/2012 05:00:00,0.25
03/13/2012 06:00:00,0.3
03/13/2012 07:00:00,0.27
03/13/2012 08:00:00,0.41
03/13/2012 09:00:00,0.27
03/13/2012 10:00:00,0.33
03/13/2012 11:00:00,0.35
03/13/2012 12:00:00,0.35
03/13/2012 13:00:00,0.38
03/13/2012 14:00:00,0.27
03/13/2012 15:00:00,0.26
03/13/2012 16:00:00,0.25
03/13/2012 17:00:00,0.26
03/13/2012 18:00:00,0.26
03/13/2012 19:00:00,0.32
03/13/2012 20:00:00,0.34
03/13/2012 21:00:00,0.48
03/13/2012 22:00:00,0.42
03/13/2012 23:00:00,0.39
03/13/2012 00:00:00,0.36
03/14/2012 01:00:00,0.26
03/14/2012 02:00:00,0.25
03/14/2012 03:00:00,0.27
03/14/2012 04:00:00,0.25
03/14/2012 05:00:00,0.29
03/14/2012 06:00:00,0.27
03/14/2012 07:00:00,0.28
03/14/2012 08:00:00,0.45
03/14/2012 09:00:00,0.34
03/14/2012 10:00:00,0.44
03/14/2012 11:00:00,0.38
03/14/2012 12:00:00,0.3
03/14/2012 13:00:00,0.28
03/14/2012 14:00:00,0.33
03/14/2012 15:00:00,0.33
03/14/2012 16:00:00,0.35
03/14/2012 17:00:00,0.34
03/14/2012 18:00:00,0.39
03/14/2012 19:00:00,0.41
03/14/2012 20:00:00,0.46
03/14/2012 21:00:00,0.47
03/14/2012 22:00:00,0.47
03/14/2012 23:00:00,0.43
03/14/2012 00:00:00,0.37
03/15/2012 01:00:00,0.47
03/15/2012 02:00:00,0.26
03/15/2012 03:00:00,0.25
03/15/2012 04:00:00,0.27
03/15/2012 05:00:00,0.28
03/15/2012 06:00:00,0.28
03/15/2012 07:00:00,0.26
03/15/2012 08:00:00,0.41
03/15/2012 09:00:00,0.34
03/15/2012 10:00:00,0.38
03/15/2012 11:00:00,0.35
03/15/2012 12:00:00,0.35
03/15/2012 13:00:00,0.35
03/15/2012 14:00:00,0.35
03/15/2012 15:00:00,0.34
03/15/2012 16:00:00,0.42
03/15/2012 17:00:00,0.38
03/15/2012 18:00:00,0.34
03/15/2012 19:00:00,0.36
03/15/2012 20:00:00,0.38
03/15/2012 21:00:00,0.41
03/15/2012 22:00:00,0.42
03/15/2012 23:00:00,0.46
03/15/2012 00:00:00,0.52
03/16/2012 01:00:00,0.32
03/16/2012 02:00:00,0.32
03/16/2012 03:00:00,0.3
03/16/2012 04:00:00,0.31
03/16/2012 05:00:00,0.32
03/16/2012 06:00:00,0.32
03/16/2012 07:00:00,0.41
03/16/2012 08:00:00,0.34
03/16/2012 09:00:00,0.36
03/16/2012 10:00:00,0.47
03/16/2012 11:00:00,0.44
03/16/2012 12:00:00,3.08
03/16/2012 13:00:00,0.75
03/16/2012 14:00:00,0.3
03/16/2012 15:00:00,0.31
03/16/2012 16:00:00,0.29
03/16/2012 17:00:00,0.31
03/16/2012 18:00:00,0.31
03/16/2012 19:00:00,0.3
03/16/2012 20:00:00,0.33
03/16/2012 21:00:00,0.3
03/16/2012 22:00:00,0.3
03/16/2012 23:00:00,0.43
03/16/2012 00:00:00,0.33
03/17/2012 01:00:00,0.28
